,,,,,Games,Games,Passing,Passing,Passing,Passing,Passing,Rushing,Rushing,Rushing,Rushing,Receiving,Receiving,Receiving,Receiving,Receiving,Fumbles,Fumbles,Scoring,Scoring,Scoring,Fantasy,Fantasy,Fantasy,Fantasy,Fantasy,Fantasy,Fantasy
Rk,Player,Tm,FantPos,Age,G,GS,Cmp,Att,Yds,TD,Int,Att,Yds,Y/A,TD,Tgt,Rec,Yds,Y/R,TD,Fmb,FL,TD,2PM,2PP,FantPt,PPR,DKPt,FDPt,VBD,PosRank,OvRank
1,Aaron Rodgers*+\RodgAa00,GNB,QB,28,15,15,343,502,4643,45,6,60,257,4.28,3,0,0,0,,0,5,,3,,,399,397.4,409.4,403.4,171,1,1
2,Drew Brees*\BreeDr00,NOR,QB,32,16,16,468,657,5476,46,14,21,86,4.10,1,0,0,0,,0,1,,1,,3,396,395.6,412.6,409.6,167,2,2
3,Ray Rice*\RiceRa00,BAL,RB,24,16,16,1,1,1,1,0,291,1364,4.69,12,104,76,704,9.26,3,2,,15,,,301,376.8,382.8,338.8,152,1,3
4,Calvin Johnson*+\JohnCa00,DET,WR,26,16,16,0,0,0,0,0,1,11,11.00,0,158,96,1681,17.51,16,1,,16,,,267,361.2,364.2,313.2,151,1,4
5,Cam Newton*\NewtCa00,CAR,QB,22,16,16,310,517,4051,21,17,126,706,5.60,14,1,1,27,27.00,0,5,,14,,2,375,374.3,397.3,390.8,147,3,5
6,Rob Gronkowski*+\GronRo00,NWE,TE,22,16,16,0,0,0,0,0,1,2,2.00,1,124,90,1327,14.74,17,0,,18,,,241,330.9,333.9,285.9,143,1,6
7,Tom Brady*\BradTo00,NWE,QB,34,16,16,401,611,5235,39,12,43,109,2.53,3,0,0,0,,0,6,,3,,,370,370.3,388.3,382.3,142,4,7
8,LeSean McCoy*+\McCoLe01,PHI,RB,23,15,15,0,0,0,0,0,273,1309,4.79,17,69,48,315,6.56,3,1,,20,,,282,330.4,336.4,306.4,134,2,8
9,Matthew Stafford\StafMa00,DET,QB,23,16,16,421,663,5038,41,16,22,78,3.55,0,0,0,0,,0,5,,0,,2,347,345.3,364.3,361.3,119,5,9
10,Maurice Jones-Drew*+\DrewMa00,JAX,RB,26,16,16,0,0,0,0,0,343,1606,4.68,8,64,43,374,8.70,3,6,,11,,,264,307.0,313.0,285.5,115,3,10
11,Arian Foster*\FostAr00,HOU,RB,25,13,13,0,0,0,0,0,278,1224,4.40,10,72,53,617,11.64,2,6,,12,,,256,309.1,315.1,282.6,108,4,11
12,Jordy Nelson\NelsJo00,GNB,WR,26,16,9,0,0,0,0,0,0,0,,0,96,68,1263,18.57,15,0,,15,,,216,284.3,287.3,250.3,100,2,12
13,Jimmy Graham*\GrahJi00,NOR,TE,25,16,11,0,0,0,0,0,0,0,,0,149,99,1310,13.23,11,1,,11,,,197,296.0,299.0,246.5,99,2,13
14,Wes Welker*+\WelkWe00,NWE,WR,30,16,15,0,0,0,0,0,4,30,7.50,0,173,122,1569,12.86,9,1,,9,,,214,335.9,338.9,274.9,98,3,14
15,Victor Cruz\CruzVi00,NYG,WR,25,16,7,0,0,0,0,0,1,3,3.00,0,131,82,1536,18.73,9,1,,9,,,208,289.9,292.9,248.9,92,4,15
16,Larry Fitzgerald*\FitzLa00,ARI,WR,28,16,16,0,0,0,0,0,0,0,,0,154,80,1411,17.64,8,0,,8,,,189,269.1,272.1,229.1,73,5,16
17,Steve Smith*\SmitSt01,CAR,WR,32,16,16,0,0,0,0,0,6,56,9.33,0,129,79,1394,17.65,7,3,,7,1,,189,268.0,271.0,228.5,73,6,17
18,Marshawn Lynch*\LyncMa00,SEA,RB,25,15,15,0,2,0,0,0,285,1204,4.22,12,41,28,212,7.57,1,3,,13,,,220,247.6,253.6,233.6,71,5,18
19,Michael Turner\TurnMi00,ATL,RB,29,16,15,0,0,0,0,0,301,1340,4.45,11,26,17,168,9.88,0,3,,11,,,217,233.8,239.8,225.3,68,6,19
20,Percy Harvin\HarvPe00,MIN,WR,23,16,14,0,0,0,0,0,52,345,6.63,2,121,87,967,11.11,6,2,,9,,,179,272.2,278.2,228.7,63,7,20
21,Roddy White*\WhitRo00,ATL,WR,30,16,16,0,0,0,0,0,0,0,,0,180,100,1296,12.96,8,0,,8,,,178,277.6,280.6,227.6,62,8,21
22,Eli Manning*\MannEl00,NYG,QB,30,16,16,359,589,4933,29,16,35,15,0.43,1,0,0,0,,0,8,,1,,,289,288.8,307.8,304.8,60,6,22
23,Mike Wallace*\WallMi00,PIT,WR,25,16,14,0,0,0,0,0,5,57,11.40,0,114,72,1193,16.57,8,1,,8,,,173,245.0,248.0,209.0,57,9,23
24,Vincent Jackson*\JackVi00,SDG,WR,28,16,16,0,0,0,0,0,3,51,17.00,0,115,60,1106,18.43,9,0,,9,,,170,229.7,232.7,199.7,54,10,24
25,Tony Romo\RomoTo00,DAL,QB,31,16,16,346,522,4184,31,10,22,46,2.09,1,0,0,0,,0,7,,1,,,282,282.0,295.0,292.0,53,7,25
26,Matt Ryan\RyanMa00,ATL,QB,26,16,16,347,566,4177,29,12,37,84,2.27,2,0,0,0,,0,5,,2,,,281,279.5,294.5,291.5,53,8,26
27,Marques Colston\ColsMa00,NOR,WR,28,14,7,0,0,0,0,0,0,0,,0,107,80,1143,14.29,8,1,,8,,,162,242.3,245.3,202.3,46,11,27
28,Hakeem Nicks\NickHa01,NYG,WR,23,15,15,0,0,0,0,0,0,0,,0,133,76,1192,15.68,7,0,,7,,,161,237.2,240.2,199.2,45,12,28
29,Brandon Marshall*\MarsBr00,MIA,WR,27,16,16,0,0,0,0,0,1,13,13.00,0,141,81,1214,14.99,6,1,,6,,,161,239.7,242.7,199.2,45,13,29
30,Ryan Mathews*\MathRy00,SDG,RB,24,14,14,0,0,0,0,0,222,1091,4.91,6,59,50,455,9.10,0,5,,6,,,191,240.6,246.6,215.6,42,7,30
31,Adrian Peterson\PeteAd01,MIN,RB,26,12,12,0,0,0,0,0,208,970,4.66,12,24,18,139,7.72,1,1,,13,,,189,206.9,212.9,197.9,40,8,31
32,Aaron Hernandez\HernAa00,NWE,TE,22,14,12,0,0,0,0,0,5,45,9.00,0,113,79,910,11.52,7,1,,7,,,138,216.5,219.5,177.0,40,3,32
33,Michael Bush\BushMi00,OAK,RB,27,16,9,0,0,0,0,0,256,977,3.82,7,47,37,418,11.30,1,1,,8,,,188,224.5,230.5,206.0,39,9,33
34,Darren Sproles\SproDa00,NOR,RB,28,16,4,0,0,0,0,0,87,603,6.93,2,111,86,710,8.26,7,1,,10,,,187,277.3,283.3,234.3,39,10,34
35,A.J. Green*\GreeA.00,CIN,WR,23,15,15,0,0,0,0,0,5,53,10.60,0,115,65,1057,16.26,7,1,,7,,,153,218.0,221.0,185.5,37,14,35
36,Philip Rivers*\RivePh00,SDG,QB,30,16,16,366,582,4624,27,20,26,36,1.38,1,0,0,0,,0,9,,1,,1,265,264.6,287.6,284.6,36,9,36
37,Laurent Robinson\RobiLa01,DAL,WR,26,14,4,0,0,0,0,0,0,0,,0,80,54,858,15.89,11,0,,11,,,152,205.8,208.8,178.8,36,15,37
38,Steven Jackson\JackSt00,STL,RB,28,15,15,0,0,0,0,0,260,1145,4.40,5,58,42,333,7.93,1,2,,6,,,184,225.8,231.8,204.8,35,11,38
39,Nate Washington\WashNa00,TEN,WR,28,16,15,0,0,0,0,0,2,5,2.50,1,121,74,1023,13.82,7,0,,8,,,151,224.8,227.8,187.8,35,16,39
40,Frank Gore*\GoreFr00,SFO,RB,28,16,15,0,0,0,0,0,282,1211,4.29,8,31,17,114,6.71,0,2,,8,,,183,197.5,203.5,189.0,34,12,40
41,Julio Jones\JoneJu02,ATL,WR,22,13,13,0,0,0,0,0,6,56,9.33,0,95,54,959,17.76,8,1,,8,,,150,203.5,206.5,176.5,33,17,41
42,Greg Jennings*\JennGr00,GNB,WR,28,13,13,0,0,0,0,0,0,0,,0,101,67,949,14.16,9,0,,9,,,149,215.9,218.9,182.4,33,18,42
43,Tony Gonzalez*\GonzTo00,ATL,TE,35,16,16,0,0,0,0,0,0,0,,0,116,80,875,10.94,7,0,,7,,,130,209.5,212.5,169.5,32,4,43
44,Reggie Bush\BushRe00,MIA,RB,26,15,15,0,0,0,0,0,216,1086,5.03,6,52,43,296,6.88,1,4,,7,,,180,223.2,229.2,201.7,32,13,44
45,Dez Bryant\BryaDe01,DAL,WR,23,15,13,0,0,0,0,0,1,5,5.00,0,103,63,928,14.73,9,3,,9,,,147,210.3,213.3,178.8,31,19,45
46,Dwayne Bowe\BoweDw00,KAN,WR,27,16,14,0,0,0,0,0,1,12,12.00,0,142,81,1159,14.31,5,1,,5,,,147,228.1,231.1,187.6,31,20,46
47,Jermichael Finley\FinlJe00,GNB,TE,24,16,13,0,0,0,0,0,0,0,,0,92,55,767,13.95,8,0,,8,,,127,179.7,182.7,152.2,29,5,47
48,Jason Witten\WittJa00,DAL,TE,29,16,16,0,0,0,0,0,0,0,,0,117,79,942,11.92,5,1,,5,,,124,203.2,206.2,163.7,27,6,48
49,Mark Sanchez\SancMa00,NYJ,QB,25,16,16,308,543,3474,26,18,37,103,2.78,6,0,0,0,,0,10,,6,,,255,253.3,277.3,271.3,26,10,49
50,Steve Johnson\JohnSt00,BUF,WR,25,16,16,0,0,0,0,0,0,0,,0,134,76,1004,13.21,7,0,,7,,,142,218.4,221.4,180.4,26,21,50
51,Fred Jackson\JackFr02,BUF,RB,30,10,10,0,0,0,0,0,170,934,5.49,6,50,39,442,11.33,0,2,,6,,,174,212.6,218.6,193.1,25,14,51
52,Matt Forte*\FortMa00,CHI,RB,26,12,12,0,1,0,0,0,203,997,4.91,3,76,52,490,9.42,1,2,,4,,,173,224.7,230.7,198.7,24,15,52
53,Antonio Gates*\GateAn00,SDG,TE,31,13,13,0,0,0,0,0,0,0,,0,88,64,778,12.16,7,0,,7,,,120,183.8,186.8,151.8,22,7,53
54,Chris Johnson\JohnCh04,TEN,RB,26,16,16,0,0,0,0,0,262,1047,4.00,4,79,57,418,7.33,0,3,,4,,,171,227.5,233.5,199.0,22,16,54
55,Beanie Wells\WellCh00,ARI,RB,23,14,14,0,0,0,0,0,245,1047,4.27,10,16,10,52,5.20,0,4,,10,,,170,179.9,182.9,174.9,21,17,55
56,Pierre Garcon\GarcPi00,IND,WR,25,16,16,0,0,0,0,0,4,28,7.00,0,134,70,947,13.53,6,2,,6,,,134,203.5,206.5,168.5,17,22,56
57,Vernon Davis\DaviVe00,SFO,TE,27,16,16,0,0,0,0,0,2,-5,-2.50,0,95,67,792,11.82,6,3,,6,,,115,181.7,184.7,148.2,17,8,57
58,Shonn Greene\GreeSh00,NYJ,RB,26,16,15,0,0,0,0,0,253,1054,4.17,6,41,30,211,7.03,0,1,,6,,,163,192.5,198.5,177.5,14,18,58
59,Torrey Smith\SmitTo02,BAL,WR,22,16,14,0,0,0,0,0,4,39,9.75,0,95,50,841,16.82,7,1,,7,,,130,180.0,183.0,155.0,14,23,59
60,Dustin Keller\KellDu00,NYJ,TE,27,16,12,0,0,0,0,0,0,0,,0,115,65,815,12.54,5,1,,5,,,112,176.5,179.5,144.0,14,9,60
61,Rashard Mendenhall\MendRa00,PIT,RB,24,15,15,0,0,0,0,0,228,928,4.07,9,28,18,154,8.56,0,1,,9,,,162,180.2,186.2,171.2,14,19,61
62,Brent Celek\CeleBr00,PHI,TE,26,16,16,0,0,0,0,0,0,0,,0,98,62,811,13.08,5,0,,5,,,111,173.1,176.1,142.1,14,10,62
63,Brandon Lloyd\LloyBr00,2TM,WR,30,15,14,0,1,0,0,0,0,0,,0,148,70,966,13.80,5,1,,5,,,129,196.6,199.6,161.6,13,24,63
64,Michael Vick\VickMi00,PHI,QB,31,13,13,253,423,3303,18,14,76,589,7.75,1,0,0,0,,0,10,,1,,,241,241.0,261.0,255.0,12,11,64
65,Ahmad Bradshaw\BradAh00,NYG,RB,25,12,9,0,0,0,0,0,171,659,3.85,9,44,34,267,7.85,2,1,,11,1,,161,194.6,200.6,177.6,12,20,65
66,Antonio Brown*\BrowAn04,PIT,WR,23,16,3,0,0,0,0,0,7,41,5.86,0,124,69,1108,16.06,2,0,,3,,,127,201.9,204.9,167.4,11,25,66
67,Brandon Pettigrew\PettBr00,DET,TE,26,16,16,0,0,0,0,0,0,0,,0,126,83,777,9.36,5,0,,5,,,108,190.7,193.7,149.2,10,11,67
68,Jabar Gaffney\GaffJa00,WAS,WR,31,16,15,0,0,0,0,0,0,0,,0,114,68,947,13.93,5,1,,5,,,125,192.7,195.7,158.7,9,26,68
69,Willis McGahee*\McGaWi00,DEN,RB,30,15,14,0,0,0,0,0,249,1199,4.82,4,20,12,51,4.25,1,4,,5,1,,157,169.0,172.0,163.0,8,21,69
70,DeSean Jackson\JackDe00,PHI,WR,25,15,15,0,0,0,0,0,7,41,5.86,0,104,58,961,16.57,4,1,,4,,,124,182.2,185.2,153.2,8,27,70
71,Darrius Heyward-Bey\HeywDa00,OAK,WR,24,15,14,0,0,0,0,0,0,0,,0,115,64,975,15.23,4,1,,4,,,122,185.5,188.5,153.5,5,28,71
72,Reggie Wayne\WaynRe00,IND,WR,33,16,16,0,0,0,0,0,0,0,,0,132,75,960,12.80,4,0,,4,,,120,195.0,198.0,157.5,4,29,72
73,Mike Tolbert\TolbMi00,SDG,RB,26,15,1,0,0,0,0,0,121,490,4.05,8,79,54,433,8.02,2,2,,10,,,152,206.3,212.3,179.3,4,22,73
74,Cedric Benson\BensCe00,CIN,RB,29,15,15,0,0,0,0,0,273,1067,3.91,6,22,15,82,5.47,0,5,,6,,,151,165.9,168.9,158.4,2,23,74
75,Santonio Holmes\HolmSa00,NYJ,WR,27,16,16,0,0,0,0,0,3,27,9.00,0,101,51,654,12.82,8,2,,8,,,116,167.1,170.1,141.6,,30,75
76,Marquis Johnson\JohnMa99,STL,,23,3,0,0,0,0,0,0,0,0,,0,0,0,0,,0,0,,0,,,,,,,,3,76
77,Korey Hall\HallKo99,NOR,,28,13,0,0,0,0,0,0,0,0,,0,0,0,0,,0,0,,0,,,,,,,,2,77
78,Ryan Fitzpatrick\FitzRy00,BUF,QB,29,16,16,353,569,3832,24,23,56,215,3.84,0,0,0,0,,0,7,,0,1,,229,226.8,255.8,249.8,,12,78
79,Ben Roethlisberger*\RoetBe00,PIT,QB,29,15,15,324,513,4077,21,14,31,70,2.26,0,0,0,0,,0,9,,0,,,226,226.1,243.1,240.1,,13,
80,Josh Freeman\FreeJo00,TAM,QB,23,15,15,346,551,3592,16,22,55,238,4.33,4,1,0,-4,,0,9,,4,,2,225,215.1,243.1,237.1,,14,
81,Alex Smith\SmitAl03,SFO,QB,27,16,16,273,445,3144,17,5,52,179,3.44,2,0,0,0,,0,7,,2,,1,216,215.7,226.7,220.7,,15,
82,Joe Flacco\FlacJo00,BAL,QB,26,16,16,312,542,3610,20,12,39,88,2.26,1,1,1,-8,-8.00,0,11,,1,,,214,215.4,230.4,226.9,,16,
83,Andy Dalton*\DaltAn00,CIN,QB,24,16,16,300,516,3398,20,13,37,152,4.11,1,1,0,0,,0,5,,1,,,213,211.1,230.1,224.1,,18,
84,Tim Tebow\TeboTi00,DEN,QB,24,14,11,126,271,1729,12,6,122,660,5.41,6,0,0,0,,0,14,,6,2,,213,211.2,223.2,217.2,,17,
85,Matt Hasselbeck\HassMa00,TEN,QB,36,16,16,319,518,3571,18,14,20,52,2.60,0,0,0,0,,0,4,,0,,,192,192.0,209.0,206.0,,19,
86,Tarvaris Jackson\JackTa00,SEA,QB,28,15,14,271,450,3091,14,13,40,108,2.70,1,0,0,0,,0,9,,1,,,172,170.4,189.4,183.4,,20,
87,Colt McCoy\McCoCo00,CLE,QB,25,13,13,265,463,2733,14,11,61,212,3.48,0,1,1,-5,-5.00,0,11,,0,,,166,165.0,182.0,175.5,,22,
88,Matt Moore\MoorMa01,MIA,QB,27,13,12,210,347,2497,16,9,32,65,2.03,2,0,0,0,,0,14,,2,,,166,164.4,176.4,173.4,,21,
89,Matt Schaub\SchaMa00,HOU,QB,30,10,10,178,292,2479,15,6,15,9,0.60,2,0,0,0,,0,3,,2,,,160,160.1,169.1,166.1,,23,
90,Rex Grossman\GrosRe00,WAS,QB,31,13,13,265,458,3151,16,20,20,11,0.55,1,0,0,0,,0,8,,1,,,159,157.1,180.1,177.1,,24,
91,BenJarvus Green-Ellis\GreeBe00,NWE,RB,26,16,6,0,0,0,0,0,181,667,3.69,11,13,9,159,17.67,0,0,,11,,,149,157.6,163.6,153.1,,24,
92,Jonathan Stewart\StewJo00,CAR,RB,24,16,3,0,0,0,0,0,142,761,5.36,4,61,47,413,8.79,1,1,,5,,,147,194.4,200.4,170.9,,25,
93,Jay Cutler\CutlJa00,CHI,QB,28,10,10,182,314,2319,13,7,18,55,3.06,1,0,0,0,,0,7,,1,,,142,142.3,152.3,149.3,,25,
94,DeAngelo Williams\WillDe02,CAR,RB,28,16,14,0,0,0,0,0,155,836,5.39,7,25,16,135,8.44,0,0,,7,,,139,155.1,161.1,147.1,,26,
95,Carson Palmer\PalmCa00,OAK,QB,32,10,9,199,328,2753,13,16,16,20,1.25,1,0,0,0,,0,2,,1,,,138,138.1,157.1,154.1,,26,
96,Pierre Thomas\ThomPi00,NOR,RB,27,16,7,0,0,0,0,0,110,562,5.11,5,59,50,425,8.50,1,2,,6,,,137,184.7,190.7,159.7,,27,
97,Ben Tate\TateBe00,HOU,RB,23,15,2,0,0,0,0,0,175,942,5.38,4,19,13,98,7.54,0,4,,4,,,128,141.0,144.0,134.5,,28,
98,Blaine Gabbert\GabbBl00,JAX,QB,22,15,14,210,413,2214,12,11,48,98,2.04,0,0,0,0,,0,14,,0,,,124,124.4,138.4,135.4,,27,
99,LeGarrette Blount\BlouLe00,TAM,RB,25,14,14,0,0,0,0,0,184,781,4.24,5,25,15,148,9.87,0,5,,5,,,123,137.9,143.9,130.4,,29,
100,Christian Ponder\PondCh00,MIN,QB,23,11,10,158,291,1853,13,13,28,219,7.82,0,0,0,0,,0,6,,0,,,122,122.0,141.0,135.0,,28,
101,Roy Helu\HeluRo00,WAS,RB,23,15,5,0,0,0,0,0,151,640,4.24,2,59,49,379,7.73,1,2,,3,,,120,168.9,174.9,144.4,,31,
102,Brandon Jacobs\JacoBr00,NYG,RB,29,14,6,0,0,0,0,0,152,571,3.76,7,23,15,128,8.53,1,3,,8,1,,120,134.9,140.9,127.4,,32,
103,DeMarco Murray\MurrDe00,DAL,RB,23,13,7,0,0,0,0,0,164,897,5.47,2,35,26,183,7.04,0,1,,2,,,120,146.0,152.0,133.0,,30,
104,C.J. Spiller\SpilC.00,BUF,RB,24,16,11,0,0,0,0,0,107,561,5.24,4,54,39,269,6.90,2,2,,6,,,119,158.0,164.0,138.5,,33,
105,Malcom Floyd\FloyMa00,SDG,WR,30,12,9,0,0,0,0,0,0,0,,0,70,43,856,19.91,5,0,,5,,,116,158.6,161.6,137.1,,32,
106,Jeremy Maclin\MaclJe00,PHI,WR,23,13,13,0,0,0,0,0,1,1,1.00,0,96,63,859,13.63,5,1,,5,,,116,179.0,182.0,147.5,,31,
107,Lance Moore\MoorLa00,NOR,WR,28,14,7,0,0,0,0,0,0,0,,0,73,52,627,12.06,8,0,,8,2,,115,166.7,169.7,140.7,,33,
108,Michael Crabtree\CrabMi00,SFO,WR,24,15,14,0,0,0,0,0,1,6,6.00,0,115,72,874,12.14,4,0,,4,1,,114,186.0,189.0,150.0,,34,
109,Plaxico Burress\BurrPl00,NYJ,WR,34,16,13,0,0,0,0,0,0,0,,0,96,45,612,13.60,8,0,,8,,,109,154.2,157.2,131.7,,36,
110,Eric Decker\DeckEr00,DEN,WR,24,16,13,0,1,0,0,0,1,1,1.00,0,96,44,612,13.91,8,1,,9,,,109,159.3,162.3,137.3,,35,
111,Anquan Boldin\BoldAn00,BAL,WR,31,14,14,0,0,0,0,0,0,0,,0,106,57,887,15.56,3,1,,3,,,107,163.7,166.7,135.2,,37,
112,Kevin Kolb\KolbKe00,ARI,QB,27,9,9,146,253,1955,9,8,17,65,3.82,0,0,0,0,,0,8,,0,,,107,104.7,115.7,112.7,,30,
113,Darren McFadden\McFaDa00,OAK,RB,24,7,7,0,0,0,0,0,113,614,5.43,4,23,19,154,8.11,1,1,,5,,,107,125.8,131.8,116.3,,34,
114,John Skelton\SkelJo00,ARI,QB,23,8,7,151,275,1913,11,14,28,128,4.57,0,0,0,0,,0,4,,0,,,107,105.3,125.3,119.3,,29,
115,James Jones\JoneJa04,GNB,WR,27,16,0,0,0,0,0,0,0,0,,0,55,38,635,16.71,7,1,,7,,,106,143.5,146.5,124.5,,39,
116,Denarius Moore\MoorDe02,OAK,WR,23,13,10,0,0,0,0,0,5,61,12.20,1,76,33,618,18.73,5,1,,6,,,106,136.9,139.9,120.4,,38,
117,Doug Baldwin\BaldDo00,SEA,WR,23,16,1,0,0,0,0,0,1,-2,-2.00,0,85,51,788,15.45,4,0,,4,,,103,153.6,156.6,128.1,,40,
118,Donald Brown\BrowDo00,IND,RB,24,16,2,0,0,0,0,0,134,645,4.81,5,19,16,86,5.38,0,0,,5,,,103,119.1,122.1,111.1,,35,
119,Nate Burleson\BurlNa00,DET,WR,30,16,11,0,0,0,0,0,11,85,7.73,0,110,73,757,10.37,3,1,,3,,,102,175.2,178.2,138.7,,41,
120,Sam Bradford\BradSa00,STL,QB,24,10,10,191,357,2164,6,6,18,26,1.44,0,0,0,0,,0,10,,0,,,101,101.2,110.2,107.2,,31,
121,Ryan Grant\GranRy00,GNB,RB,29,15,14,0,0,0,0,0,134,559,4.17,2,24,19,268,14.11,1,2,,3,,,101,119.7,125.7,110.2,,36,
122,Miles Austin\AustMi00,DAL,WR,27,10,10,0,0,0,0,0,2,3,1.50,0,73,43,579,13.47,7,1,,7,,,100,143.2,146.2,121.7,,43,
123,Deion Branch\BranDe00,NWE,WR,32,15,15,0,0,0,0,0,0,0,,0,90,51,702,13.76,5,0,,5,,,100,151.2,154.2,125.7,,44,
124,Matt Cassel\CassMa00,KAN,QB,29,9,9,160,269,1713,10,9,25,99,3.96,0,1,1,-4,-4.00,0,5,,0,,,100,101.0,113.0,109.5,,32,
125,Robert Meachem\MeacRo00,NOR,WR,27,16,8,0,0,0,0,0,4,18,4.50,0,60,40,620,15.50,6,0,,6,,,100,139.8,142.8,119.8,,45,
126,Titus Young\YounTi00,DET,WR,22,16,9,0,0,0,0,0,2,15,7.50,0,86,48,607,12.65,6,1,,6,1,,100,148.2,151.2,124.2,,42,
127,Early Doucet\DoucEa00,ARI,WR,26,16,6,0,0,0,0,0,0,0,,0,97,54,689,12.76,5,1,,5,,,99,152.9,155.9,125.9,,47,
128,Jerome Simpson\SimpJe00,CIN,WR,25,16,14,0,0,0,0,0,0,0,,0,105,50,725,14.50,4,0,,4,,,99,146.5,149.5,121.5,,48,
129,Mike Williams\WillMi04,TAM,WR,24,16,15,0,0,0,0,0,1,3,3.00,0,124,65,771,11.86,3,2,,3,,,99,160.4,163.4,127.9,,46,
130,Fred Davis\DaviFr01,WAS,TE,25,12,12,0,0,0,0,0,0,0,,0,88,59,796,13.49,3,1,,3,,,98,156.6,159.6,127.1,,12,
131,David Nelson\NelsDa01,BUF,WR,25,16,13,0,0,0,0,0,0,0,,0,97,61,658,10.79,5,0,,5,,,98,156.8,159.8,126.3,,49,
132,Toby Gerhart\GerhTo00,MIN,RB,24,16,5,0,0,0,0,0,109,531,4.87,1,28,23,190,8.26,3,1,,4,,,96,119.1,125.1,107.6,,37,
133,Jermaine Gresham*\GresJe00,CIN,TE,23,14,13,0,0,0,0,0,0,0,,0,92,56,596,10.64,6,1,,6,,,96,151.6,154.6,123.6,,13,
134,Dexter McCluster\McClDe00,KAN,WR,22,16,4,0,0,0,0,0,114,516,4.53,1,64,46,328,7.13,1,4,,2,,,96,142.4,148.4,119.4,,50,
135,Kevin Smith\SmitKe02,DET,RB,25,7,4,0,0,0,0,0,72,356,4.94,4,28,22,179,8.14,3,1,,7,,,96,117.5,123.5,106.5,,38,
136,Jared Cook\CookJa02,TEN,TE,24,16,5,0,0,0,0,0,0,0,,0,81,49,759,15.49,3,2,,3,,,94,142.9,145.9,118.4,,15,
137,Kellen Winslow\WinsKe01,TAM,TE,28,16,15,0,0,0,0,0,0,0,,0,123,75,763,10.17,2,2,,2,2,,94,167.3,170.3,129.8,,14,
138,Steve Breaston\BreaSt00,KAN,WR,28,16,13,0,0,0,0,0,1,25,25.00,0,98,61,785,12.87,2,0,,2,,,93,154.0,157.0,123.5,,51,
139,LaDainian Tomlinson\TomlLa00,NYJ,RB,32,14,1,0,0,0,0,0,75,280,3.73,1,61,42,449,10.69,2,0,,3,,,91,132.9,138.9,111.9,,39,
140,Peyton Hillis\HillPe00,CLE,RB,25,10,9,0,0,0,0,0,161,587,3.65,3,34,22,130,5.91,0,2,,3,,,90,111.7,117.7,100.7,,40,
141,Kyle Orton\OrtoKy00,2TM,QB,29,9,8,150,252,1758,9,9,11,13,1.18,0,0,0,0,,0,4,,0,,,90,89.6,101.6,98.6,,33,
142,Damian Williams\WillDa04,TEN,WR,23,15,13,0,0,0,0,0,0,0,,0,94,45,592,13.16,5,0,,5,,,89,134.2,137.2,111.7,,52,
143,Jahvid Best\BestJa00,DET,RB,22,6,6,0,0,0,0,0,84,390,4.64,2,40,27,287,10.63,1,0,,3,,,86,112.7,118.7,99.2,,42,
144,Owen Daniels\DaniOw00,HOU,TE,29,15,15,0,0,0,0,0,0,0,,0,85,54,677,12.54,3,0,,3,,,86,139.7,142.7,112.7,,16,
145,Felix Jones\JoneFe00,DAL,RB,24,12,8,0,0,0,0,0,127,575,4.53,1,45,33,221,6.70,0,5,,1,,,86,118.6,124.6,102.1,,43,
146,Greg Olsen\OlseGr00,CAR,RB,26,16,13,0,0,0,0,0,0,0,,0,89,45,540,12.00,5,1,,5,1,,86,131.0,134.0,108.5,,41,
147,Jason Campbell\CampJa00,OAK,QB,30,6,6,100,165,1170,6,4,18,60,3.33,2,0,0,0,,0,3,,2,,,85,80.8,87.8,84.8,,34,
148,Johnny Knox\KnoxJo00,CHI,WR,25,14,11,0,0,0,0,0,0,0,,0,69,37,727,19.65,2,1,,2,,,85,121.7,124.7,103.2,,53,
149,James Starks\StarJa00,GNB,RB,25,13,2,0,0,0,0,0,133,578,4.35,1,37,29,216,7.45,0,2,,1,,,85,114.4,120.4,99.9,,44,
150,Jake Ballard\BallJa21,NYG,TE,24,14,13,0,0,0,0,0,0,0,,0,61,38,604,15.89,4,0,,4,,,84,122.4,125.4,103.4,,17,
151,Greg Little\LittGr00,CLE,WR,22,16,12,0,0,0,0,0,3,15,5.00,0,119,61,709,11.62,2,0,,2,,,84,145.4,148.4,114.9,,54,
152,Marion Barber\BarbMa01,CHI,RB,28,11,1,0,0,0,0,0,114,422,3.70,6,9,5,50,10.00,0,1,,6,,,83,88.2,91.2,85.7,,45,
153,Ed Dickson\DickEd00,BAL,TE,24,16,16,0,0,0,0,0,0,0,,0,89,54,528,9.78,5,0,,5,,,83,136.8,139.8,109.8,,18,
154,Mark Ingram\IngrMa01,NOR,RB,22,10,4,0,0,0,0,0,122,474,3.89,5,13,11,46,4.18,0,1,,5,,,82,93.0,96.0,87.5,,46,
155,Santana Moss\MossSa00,WAS,WR,32,12,12,0,0,0,0,0,0,0,,0,95,46,584,12.70,4,0,,4,,,82,128.4,131.4,105.4,,55,
156,Donald Driver\DrivDo00,GNB,WR,36,16,15,0,0,0,0,0,0,0,,0,56,37,445,12.03,6,0,,6,,,81,117.5,120.5,99.0,,56,
157,Curtis Painter\PainCu00,IND,QB,26,9,8,132,243,1541,6,9,17,107,6.29,0,0,0,0,,0,5,,0,,,80,78.3,93.3,87.3,,35,
158,Demaryius Thomas\ThomDe03,DEN,WR,24,11,5,0,1,0,0,0,1,5,5.00,0,70,32,551,17.22,4,0,,4,,,80,111.6,114.6,95.6,,57,
159,Jackie Battle\BattJa00,KAN,RB,28,15,4,0,0,0,0,0,149,597,4.01,2,13,9,68,7.56,0,0,,2,,,79,87.5,90.5,83.0,,48,
160,Kendall Hunter\HuntKe00,SFO,RB,23,16,1,0,0,0,0,0,112,473,4.22,2,26,16,195,12.19,0,1,,2,,,79,94.8,100.8,86.8,,47,
161,Brandon LaFell\LaFeBr00,CAR,WR,25,16,6,0,0,0,0,0,0,0,,0,56,36,613,17.03,3,0,,3,,,79,115.3,118.3,97.3,,58,
162,Josh Cribbs\CribJo01,CLE,RB,28,16,7,0,0,0,0,0,7,25,3.57,0,67,41,518,12.63,4,3,,5,,,78,125.3,128.3,104.8,,49,
163,Mario Manningham\MannMa01,NYG,WR,25,12,10,0,0,0,0,0,0,0,,0,77,39,523,13.41,4,0,,4,,,76,115.3,118.3,95.8,,59,
164,Heath Miller\MillHe00,PIT,TE,29,16,16,0,0,0,0,0,1,6,6.00,0,74,51,631,12.37,2,1,,2,,,76,126.7,129.7,101.2,,19,
165,Dezmon Briscoe\BrisDe00,TAM,WR,22,16,2,0,0,0,0,0,0,0,,0,51,35,387,11.06,6,0,,6,,,75,109.7,112.7,92.2,,60,
166,Scott Chandler\ChanSc00,BUF,TE,26,14,9,0,0,0,0,0,0,0,,0,46,38,389,10.24,6,1,,6,,,75,112.9,115.9,93.9,,21,
167,Anthony Fasano\FasaAn00,MIA,TE,27,15,15,0,0,0,0,0,0,0,,0,54,32,451,14.09,5,0,,5,,,75,107.1,110.1,91.1,,20,
168,Jason Avant\AvanJa00,PHI,RB,28,16,7,0,0,0,0,0,0,0,,0,81,52,679,13.06,1,2,,1,,,74,125.9,128.9,99.9,,50,
169,Isaac Redman\RedmIs20,PIT,RB,27,16,1,0,0,0,0,0,110,479,4.35,3,22,18,78,4.33,0,2,,3,,,74,91.7,94.7,82.7,,51,
170,Davone Bess\BessDa00,MIA,WR,26,16,4,0,0,0,0,0,2,9,4.50,0,86,51,537,10.53,3,5,,3,,,73,123.6,126.6,98.1,,63,
171,Preston Parker\ParkPr00,TAM,WR,24,16,0,0,0,0,0,0,1,-3,-3.00,0,65,40,554,13.85,3,8,,3,,,73,113.1,116.1,93.1,,62,
172,Andre Roberts\RobeAn00,ARI,WR,23,16,16,0,0,0,0,0,3,27,9.00,0,98,51,586,11.49,2,1,,2,,,73,124.3,127.3,98.8,,61,
173,Tony Scheffler\ScheTo00,DET,TE,28,15,5,0,0,0,0,0,1,5,5.00,0,43,26,347,13.35,6,1,,6,1,,73,99.2,102.2,86.2,,22,
174,Joel Dreessen\DreeJo00,HOU,TE,29,16,10,0,0,0,0,0,0,0,,0,39,28,353,12.61,6,0,,6,,,71,99.3,102.3,85.3,,23,
175,Daniel Thomas\ThomDa03,MIA,RB,24,13,2,0,0,0,0,0,165,581,3.52,0,16,12,72,6.00,1,2,,1,,,71,83.3,86.3,77.3,,52,
176,Jeremy Shockey\ShocJe00,CAR,TE,31,15,13,0,0,0,0,0,0,0,,0,62,37,455,12.30,4,2,,4,,,70,106.5,109.5,88.0,,24,
177,Lance Ball\BallLa00,DEN,RB,26,16,0,0,0,0,0,0,96,402,4.19,1,32,16,148,9.25,1,2,,2,,,67,83.0,89.0,75.0,,53,
178,Maurice Morris\MorrMa00,DET,RB,32,16,5,0,0,0,0,0,80,316,3.95,1,35,26,230,8.85,1,1,,2,,,67,92.6,98.6,79.6,,54,
179,Michael Jenkins\JenkMi00,MIN,WR,29,11,7,0,0,0,0,0,0,0,,0,55,38,466,12.26,3,2,,3,,,65,102.6,105.6,83.6,,66,
180,Jacoby Jones\JoneJa03,HOU,WR,27,16,10,0,0,0,0,0,4,17,4.25,0,65,31,512,16.52,2,2,,3,,,65,101.9,104.9,86.4,,65,
181,Donovan McNabb\McNaDo00,MIN,QB,35,6,6,94,156,1026,4,2,14,59,4.21,1,0,0,0,,0,2,,1,,,65,64.9,69.9,66.9,,36,
182,Dan Orlovsky\OrloDa00,IND,QB,28,8,5,122,193,1201,6,4,6,5,0.83,0,0,0,0,,0,7,,0,,,65,64.5,71.5,68.5,,37,
183,Kevin Walter\WaltKe00,HOU,WR,30,15,14,0,0,0,0,0,0,0,,0,59,39,474,12.15,3,0,,3,,,65,104.4,107.4,84.9,,64,
184,Ricky Williams\WillRi00,BAL,RB,34,16,0,0,0,0,0,0,108,444,4.11,2,20,13,83,6.38,0,2,,2,,,65,77.7,80.7,71.2,,55,
185,Devery Henderson\HendDe00,NOR,WR,29,16,13,0,0,0,0,0,1,9,9.00,0,50,32,503,15.72,2,1,,2,,,63,95.2,98.2,79.2,,67,
186,Sidney Rice\RiceSi01,SEA,WR,25,9,9,1,1,55,0,0,2,3,1.50,0,57,32,484,15.13,2,1,,2,,,63,94.9,97.9,78.9,,68,
187,Roy Williams\WillRo04,CHI,WR,30,15,9,0,0,0,0,0,0,0,,0,63,37,507,13.70,2,0,,2,,,63,99.7,102.7,81.2,,69,
188,Brian Hartline\HartBr00,MIA,WR,25,16,10,0,0,0,0,0,1,9,9.00,0,66,35,549,15.69,1,0,,1,,,62,96.8,99.8,79.3,,71,
189,Andre Johnson\JohnAn02,HOU,WR,30,7,7,0,0,0,0,0,1,8,8.00,0,51,33,492,14.91,2,0,,2,,,62,95.0,98.0,78.5,,70,
190,Arrelious Benn\BennAr00,TAM,WR,23,14,14,0,0,0,0,0,6,-7,-1.17,0,51,30,441,14.70,3,0,,3,,,61,91.4,94.4,76.4,,72,
191,Danny Woodhead\WoodDa02,NWE,RB,26,15,4,0,0,0,0,0,77,351,4.56,1,31,18,157,8.72,0,1,,1,2,,61,78.8,84.8,69.8,,56,
192,Chad Henne\HennCh01,MIA,QB,26,4,4,64,112,868,4,4,15,112,7.47,1,0,0,0,,0,1,,1,,,60,59.9,69.9,63.9,,38,
193,Bernard Scott\ScotBe00,CIN,RB,27,16,1,0,1,0,0,0,112,380,3.39,3,17,13,38,2.92,0,0,,3,,,60,72.8,75.8,66.3,,57,
194,Joseph Addai\AddaJo00,IND,RB,28,12,11,0,0,0,0,0,118,433,3.67,1,22,15,93,6.20,0,1,,1,,,59,73.6,76.6,66.1,,58,
195,Austin Collie\CollAu00,IND,WR,26,16,5,0,0,0,0,0,0,0,,0,96,54,514,9.52,1,0,,1,,,59,111.4,114.4,84.4,,73,
196,Ben Obomanu\ObomBe00,SEA,WR,28,16,7,0,0,0,0,0,1,13,13.00,0,61,37,436,11.78,2,0,,2,,,59,93.9,96.9,75.4,,74,
197,Dennis Pitta\PittDe00,BAL,TE,26,16,2,0,0,0,0,0,0,0,,0,56,40,405,10.13,3,0,,3,,,59,98.5,101.5,78.5,,26,
198,Visanthe Shiancoe\ShiaVi00,MIN,TE,31,16,14,0,0,0,0,0,0,0,,0,70,36,409,11.36,3,0,,3,,,59,94.9,97.9,76.9,,25,
199,Golden Tate\TateGo00,SEA,WR,23,16,5,0,0,0,0,0,5,14,2.80,0,58,35,382,10.91,3,1,,3,,,58,92.6,95.6,75.1,,75,
200,Chris Ogbonnaya\OgboCh00,2TM,RB,25,13,4,0,0,0,0,0,76,340,4.47,1,31,23,165,7.17,0,2,,1,,,57,79.5,85.5,68.0,,59,
201,Harry Douglas\DougHa00,ATL,WR,27,16,4,0,0,0,0,0,1,3,3.00,0,62,39,498,12.77,1,0,,1,,,56,95.1,98.1,75.6,,76,
202,Evan Moore\MoorEv00,CLE,TE,26,16,4,0,0,0,0,0,0,0,,0,46,34,324,9.53,4,0,,4,,,56,90.4,93.4,73.4,,27,
203,Legedu Naanee\NaanLe00,CAR,RB,28,15,10,1,1,27,0,0,0,0,,0,76,44,467,10.61,1,0,,1,,,56,97.8,100.8,75.8,,60,
204,Danario Alexander\AlexDa00,STL,WR,25,10,5,0,0,0,0,0,0,0,,0,60,26,431,16.58,2,0,,2,,,55,81.1,84.1,68.1,,77,
205,Kevin Boss\BossKe00,OAK,TE,27,14,11,0,0,0,0,0,0,0,,0,40,28,368,13.14,3,0,,3,,,55,82.8,85.8,68.8,,28,
206,Jason Hill\HillJa00,JAX,WR,26,10,10,0,0,0,0,0,0,0,,0,55,25,367,14.68,3,0,,3,,,55,79.7,82.7,67.2,,78,
207,Devin Aromashodu\AromDe00,MIN,WR,27,16,6,0,0,0,0,0,0,0,,0,84,26,468,18.00,1,1,,1,,,53,78.8,81.8,65.8,,80,
208,John Beck\BeckJo00,WAS,QB,30,4,3,80,132,858,2,4,10,43,4.30,2,0,0,0,,0,3,,2,,1,53,52.6,59.6,56.6,,39,
209,Kahlil Bell\BellKa00,CHI,RB,25,13,3,0,0,0,0,0,79,337,4.27,0,23,19,133,7.00,1,3,,1,,,53,72.0,78.0,62.5,,62,
210,Lavelle Hawkins\HawkLa00,TEN,WR,25,16,2,0,0,0,0,0,0,0,,0,77,47,470,10.00,1,1,,1,,,53,100.0,103.0,76.5,,79,
211,Marcel Reece\ReecMa00,OAK,RB,26,12,6,0,0,0,0,0,17,112,6.59,0,36,27,301,11.15,2,1,,2,,,53,80.3,86.3,66.8,,61,
212,Ben Watson\WatsBe00,CLE,TE,31,13,11,0,0,0,0,0,0,0,,0,70,37,410,11.08,2,0,,2,,,53,90.0,93.0,71.5,,29,
213,Delone Carter\CartDe01,IND,RB,24,16,3,0,0,0,0,0,101,377,3.73,2,8,5,18,3.60,0,3,,2,,,52,56.5,59.5,54.0,,67,
214,Tim Hightower\HighTi00,WAS,RB,25,5,5,0,0,0,0,0,84,321,3.82,1,15,10,78,7.80,1,0,,2,,,52,61.9,64.9,56.9,,65,
215,Thomas Jones\JoneTh00,KAN,RB,33,16,8,0,0,0,0,0,153,478,3.12,0,7,5,43,8.60,0,0,,0,,,52,57.1,60.1,54.6,,64,
216,John Kuhn*\KuhnJo00,GNB,RB,29,16,3,0,0,0,0,0,30,78,2.60,4,18,15,77,5.13,2,1,,6,,,52,66.5,66.5,59.0,,66,
217,LaRod Stephens-Howling\StepLa00,ARI,RB,24,14,1,0,0,0,0,0,43,167,3.88,0,17,13,234,18.00,2,0,,2,,,52,65.1,71.1,58.6,,63,
218,Kellen Davis\DaviKe01,CHI,TE,26,16,15,0,0,0,0,0,0,0,,0,35,18,206,11.44,5,0,,5,,,51,68.6,71.6,59.6,,30,
219,Brandon Gibson\GibsBr00,STL,WR,24,15,9,0,0,0,0,0,2,16,8.00,0,71,36,431,11.97,1,0,,1,,,51,86.7,89.7,68.7,,81,
220,Stevan Ridley\RidlSt00,NWE,RB,22,16,2,0,0,0,0,0,87,441,5.07,1,5,3,13,4.33,0,1,,1,,,51,54.4,57.4,52.9,,69,
221,Jacquizz Rodgers\RodgJa00,ATL,RB,21,16,0,0,0,0,0,0,57,205,3.60,1,27,21,188,8.95,1,1,,2,,,51,72.3,78.3,61.8,,70,
222,Joe Webb\WebbJo00,MIN,QB,25,11,1,34,63,376,3,2,22,154,7.00,2,5,1,9,9.00,0,1,,2,,,51,52.3,60.3,53.8,,40,
223,Cadillac Williams\WillCa02,STL,RB,29,11,1,0,0,0,0,0,87,361,4.15,1,23,14,93,6.64,0,1,,1,,,51,65.4,68.4,58.4,,68,
224,Andre Caldwell\CaldAn00,CIN,WR,26,13,2,0,0,0,0,0,0,0,,0,68,37,317,8.57,3,0,,3,,,50,86.7,89.7,68.2,,84,
225,Mohamed Massaquoi\MassMo00,CLE,WR,25,14,13,0,0,0,0,0,0,0,,0,74,31,384,12.39,2,0,,2,,,50,81.4,84.4,65.9,,82,
226,Hines Ward\WardHi00,PIT,WR,35,15,9,0,0,0,0,0,0,0,,0,63,46,381,8.28,2,1,,2,,,50,96.1,99.1,73.1,,83,
227,T.J. Yates\YateT.00,HOU,QB,24,6,5,82,134,949,3,3,14,57,4.07,0,0,0,0,,0,5,,0,,,50,49.7,55.7,52.7,,41,
228,Jake Locker\LockJa00,TEN,QB,23,5,0,34,66,542,4,0,8,56,7.00,1,0,0,0,,0,0,,1,,,49,49.3,52.3,49.3,,42,
229,Mike Thomas\ThomMi01,JAX,WR,24,15,13,0,0,0,0,0,3,11,3.67,0,91,44,415,9.43,1,1,,1,,,49,92.6,95.6,70.6,,85,
230,Kenny Britt\BritKe00,TEN,WR,23,3,3,0,0,0,0,0,0,0,,0,26,17,289,17.00,3,1,,3,,,47,63.9,66.9,55.4,,86,
231,Dallas Clark\ClarDa00,IND,TE,32,11,10,0,0,0,0,0,0,0,,0,65,34,352,10.35,2,1,,2,,,47,81.2,84.2,64.2,,31,
232,Jeff King\KingJe00,ARI,TE,28,16,10,0,0,0,0,0,0,0,,0,34,27,271,10.04,3,0,,3,,,47,72.1,75.1,58.6,,32,
233,Matt Flynn\FlynMa00,GNB,QB,26,5,1,33,49,518,6,2,13,-6,-0.46,1,0,0,0,,0,1,,1,,,46,46.1,51.1,48.1,,43,
234,Marcedes Lewis\LewiMa00,JAX,TE,27,15,15,0,0,0,0,0,0,0,,0,85,39,460,11.79,0,0,,0,,,46,85.0,88.0,65.5,,33,
235,Vincent Brown\BrowVi00,SDG,WR,22,14,4,0,0,0,0,0,0,0,,0,40,19,329,17.32,2,0,,2,,,45,63.9,66.9,54.4,,89,
236,Dane Sanzenbacher\SanzDa00,CHI,WR,23,16,1,0,0,0,0,0,1,-4,-4.00,0,54,27,276,10.22,3,0,,3,,,45,72.2,75.2,58.7,,88,
237,Kyle Williams\WillKy01,SFO,WR,23,13,1,0,0,0,0,0,2,32,16.00,0,31,20,241,12.05,3,2,,3,,,45,65.3,68.3,55.3,,87,
238,Earl Bennett\BennEa00,CHI,WR,24,11,4,0,0,0,0,0,0,0,,0,43,24,381,15.88,1,1,,1,,,44,68.1,71.1,56.1,,90,
239,Randall Cobb\CobbRa00,GNB,WR,21,15,0,0,1,0,0,0,2,5,2.50,0,31,25,375,15.00,1,3,,3,,,44,81.0,84.0,68.5,,91,
240,Daniel Fells\FellDa00,DEN,TE,28,16,15,0,0,0,0,0,0,0,,0,31,19,256,13.47,3,2,,3,,,44,62.6,65.6,53.1,,34,
241,Jeremy Kerley\KerlJe00,NYJ,WR,23,14,1,1,1,41,0,0,5,28,5.60,0,47,29,314,10.83,1,3,,1,,,44,70.8,73.8,56.3,,92,
242,Chris Ivory\IvorCh00,NOR,RB,23,6,2,0,0,0,0,0,79,374,4.73,1,1,0,0,,0,0,,1,,,43,43.4,46.4,43.4,,71,
243,Javon Ringer\RingJa00,TEN,RB,24,12,0,0,0,0,0,0,59,185,3.14,1,36,28,187,6.68,0,1,,1,,,43,71.2,77.2,57.2,,72,
244,Kyle Rudolph\RudoKy00,MIN,TE,22,15,8,0,0,0,0,0,0,0,,0,39,26,249,9.58,3,0,,3,,,43,68.9,71.9,55.9,,35,
245,Brad Smith\SmitBr01,BUF,WR,28,15,5,0,1,0,0,1,20,87,4.35,1,42,23,240,10.43,1,0,,2,,,43,65.7,69.7,55.2,,94,
246,Donte' Stallworth\StalDo00,WAS,WR,31,11,0,0,0,0,0,0,2,1,0.50,0,38,22,309,14.05,2,0,,2,,,43,65.0,68.0,54.0,,93,
247,Devin Hester\HestDe99,CHI,WR,29,16,8,0,0,0,0,0,1,-6,-6.00,0,56,26,369,14.19,1,5,,4,,,42,86.3,89.3,73.3,,95,
248,Charles Clay\ClayCh00,MIA,RB,22,14,9,0,0,0,0,0,0,0,,0,25,16,233,14.56,3,0,,3,,,41,57.3,60.3,49.3,,73,
249,Emmanuel Sanders\SandEm00,PIT,WR,24,11,0,1,1,15,0,0,0,0,,0,43,22,288,13.09,2,0,,2,,,41,63.4,66.4,52.4,,96,
250,Chaz Schilens\SchiCh00,OAK,WR,26,15,5,0,0,0,0,0,0,0,,0,34,23,271,11.78,2,0,,2,,,41,62.1,65.1,50.6,,97,
251,Vince Young\YounVi00,PHI,QB,28,6,3,66,114,866,4,9,18,79,4.39,0,0,0,0,,0,2,,0,,,41,40.5,52.5,49.5,,44,
252,Kregg Lumpkin\LumpKr00,TAM,RB,27,16,0,0,0,0,0,0,31,105,3.39,0,53,41,291,7.10,0,0,,0,,,40,80.6,86.6,60.1,,75,
253,Evan Royster\RoysEv00,WAS,RB,24,6,2,0,0,0,0,0,56,328,5.86,0,14,9,68,7.56,0,0,,0,,,40,48.6,51.6,44.1,,74,
254,Montario Hardesty\HardMo00,CLE,RB,24,10,4,0,0,0,0,0,88,266,3.02,0,21,14,122,8.71,0,1,,0,,,39,52.8,58.8,45.8,,78,
255,Jason Snelling\SnelJa00,ATL,RB,28,15,0,0,0,0,0,0,44,151,3.43,0,32,26,179,6.88,1,0,,1,,,39,65.0,71.0,52.0,,77,
256,Danny Ware\WareDa00,NYG,RB,26,16,1,0,0,0,0,0,46,163,3.54,0,37,27,170,6.30,0,0,,0,2,,39,64.3,70.3,50.8,,76,
257,Kellen Clemens\ClemKe00,STL,QB,28,3,3,48,91,546,2,1,6,37,6.17,1,1,0,0,,0,2,,1,,,38,37.5,41.5,38.5,,45,
258,Riley Cooper\CoopRi00,PHI,WR,24,16,3,0,0,0,0,0,0,0,,0,35,16,315,19.69,1,0,,1,,,38,53.5,56.5,45.5,,98,
259,Delanie Walker\WalkHu00,SFO,TE,27,15,7,0,0,0,0,0,3,5,1.67,0,35,19,198,10.42,3,1,,3,,,38,57.3,60.3,47.8,,36,
260,Keiland Williams\WillKe03,DET,RB,25,15,0,0,0,0,0,0,58,195,3.36,2,8,8,62,7.75,0,2,,2,,,38,45.7,48.7,41.7,,79,
261,Jacoby Ford\FordJa01,OAK,WR,24,8,3,0,0,0,0,0,4,31,7.75,0,33,19,279,14.68,1,3,,2,,,37,62.0,65.0,52.5,,100,
262,Earnest Graham\GrahEa00,TAM,RB,31,7,2,0,0,0,0,0,37,206,5.57,0,31,26,163,6.27,0,1,,0,,,37,62.9,68.9,49.9,,80,
263,Louis Murphy\MurpLo00,OAK,WR,24,11,1,0,0,0,0,0,6,69,11.50,1,33,15,241,16.07,0,0,,1,,,37,52.0,55.0,44.5,,99,
264,Jerricho Cotchery\CotcJe00,PIT,WR,29,13,0,0,0,0,0,0,1,3,3.00,0,30,16,237,14.81,2,0,,2,,,36,52.0,55.0,44.0,,101,
265,Knowshon Moreno\MoreKn00,DEN,RB,24,7,2,0,0,0,0,0,37,179,4.84,0,15,11,101,9.18,1,1,,1,,,36,45.0,51.0,39.5,,81,
266,Seneca Wallace\WallSe00,CLE,QB,31,6,3,55,107,567,2,2,7,70,10.00,0,1,1,21,21.00,0,1,,0,,,36,36.8,41.8,38.3,,46,
267,Leon Washington\WashLe00,SEA,RB,29,16,1,0,0,0,0,0,53,248,4.68,1,14,10,48,4.80,0,2,,1,,,36,45.6,48.6,40.6,,82,
268,Jarett Dillard\DillJa00,JAX,WR,26,14,5,0,0,0,0,0,0,0,,0,50,29,292,10.07,1,1,,1,,,35,64.2,67.2,49.7,,102,
269,Tashard Choice\ChoiTa00,3TM,RB,27,13,1,0,0,0,0,0,57,152,2.67,1,30,19,124,6.53,0,6,,1,,,34,52.6,58.6,43.1,,83,
270,Todd Heap\HeapTo00,ARI,TE,31,10,4,0,0,0,0,0,0,0,,0,36,24,283,11.79,1,0,,1,,,34,58.3,61.3,46.3,,38,
271,Chad Johnson\JohnCh01,NWE,WR,33,15,3,0,0,0,0,0,0,0,,0,32,15,276,18.40,1,0,,1,,,34,48.6,51.6,41.1,,103,
272,Lance Kendricks\KendLa00,STL,TE,23,15,10,0,0,0,0,0,1,-8,-8.00,0,58,28,352,12.57,0,1,,0,,,34,62.4,65.4,48.4,,37,
273,James Casey\CaseJa00,HOU,RB,27,14,7,0,0,0,0,0,1,11,11.00,0,24,18,260,14.44,1,0,,1,,,33,51.1,54.1,42.1,,85,
274,Justin Forsett\ForsJu00,SEA,RB,26,16,0,0,0,0,0,0,46,145,3.15,1,34,23,128,5.57,0,0,,1,,,33,56.3,62.3,44.8,,84,
275,Jordan Norwood\NorwJo00,CLE,WR,25,14,4,0,0,0,0,0,0,0,,0,34,23,268,11.65,1,1,,1,,,33,55.8,58.8,44.3,,104,
276,Matt Willis\WillMa00,DEN,WR,27,16,0,0,0,0,0,0,0,0,,0,36,18,267,14.83,1,2,,1,,,33,50.7,53.7,41.7,,105,
277,Mewelde Moore\MoorMe00,PIT,RB,29,12,0,0,0,0,0,0,22,157,7.14,0,14,11,104,9.45,1,2,,1,,,32,43.1,49.1,37.6,,86,
278,Naaman Roosevelt\RoosNa00,BUF,WR,24,10,0,0,0,0,0,0,0,0,,0,26,16,257,16.06,1,0,,1,,,32,47.7,50.7,39.7,,106,
279,Jonathan Baldwin\BaldJo00,KAN,WR,22,11,3,0,0,0,0,0,0,0,,0,52,21,254,12.10,1,0,,1,,,31,52.4,55.4,41.9,,107,
280,Patrick Crayton\CrayPa00,SDG,WR,32,14,1,0,0,0,0,0,0,0,,0,34,23,248,10.78,1,2,,1,,,31,53.8,56.8,42.3,,109,
281,Derek Hagan\HagaDe00,2TM,WR,27,10,3,0,0,0,0,0,0,0,,0,42,24,252,10.50,1,0,,1,,,31,55.2,58.2,43.2,,108,
282,Leonard Pope\PopeLe00,KAN,TE,28,16,10,0,0,0,0,0,0,0,,0,34,24,247,10.29,1,0,,1,,,31,54.7,57.7,42.7,,39,
283,Brian Leonard\LeonBr00,CIN,RB,27,13,0,0,0,0,0,0,17,85,5.00,0,31,22,210,9.55,0,0,,0,,,30,51.5,54.5,40.5,,87,
284,Mike Williams\WillMi03,SEA,WR,27,12,10,0,0,0,0,0,0,0,,0,38,18,236,13.11,1,0,,1,,,30,47.6,50.6,38.6,,110,
285,Jed Collins\CollJe01,NOR,RB,25,16,11,0,0,0,0,0,4,4,1.00,2,14,11,50,4.55,2,0,,4,,,29,40.4,40.4,34.9,,88,
286,Ted Ginn\GinnTe00,SFO,WR,26,14,3,0,0,0,0,0,8,68,8.50,0,33,19,220,11.58,0,0,,2,,,29,59.8,62.8,50.3,,112,
287,Andrew Hawkins\HawkAn00,CIN,WR,25,13,0,0,0,0,0,0,5,25,5.00,0,34,23,263,11.43,0,0,,0,,,29,51.8,54.8,40.3,,113,
288,Donald Jones\JoneDo00,BUF,WR,24,8,7,0,0,0,0,0,1,2,2.00,0,46,23,231,10.04,1,0,,1,,,29,52.3,55.3,40.8,,111,
289,Caleb Hanie\HaniCa00,CHI,QB,26,6,4,51,102,613,3,9,13,98,7.54,0,0,0,0,,0,1,,0,,,28,28.3,40.3,37.3,,47,
290,Josh Morgan\MorgJo00,SFO,WR,26,5,5,0,0,0,0,0,0,0,,0,20,15,220,14.67,1,0,,1,,,28,43.0,46.0,35.5,,115,
291,Ryan Torain\ToraRy00,WAS,RB,25,8,4,0,0,0,0,0,59,200,3.39,1,9,6,23,3.83,0,1,,1,,,28,34.3,37.3,31.3,,89,
292,Chastin West\WestCh00,JAX,WR,24,12,1,0,0,0,0,0,0,0,,0,27,13,163,12.54,2,0,,2,,,28,41.3,44.3,34.8,,114,
293,Joe McKnight\McKnJo00,NYJ,RB,23,15,0,0,0,0,0,0,43,134,3.12,0,18,13,139,10.69,0,3,,1,,,27,46.3,52.3,39.8,,91,
294,Randy McMichael\McMiRa01,SDG,TE,32,16,14,0,0,0,0,0,0,0,,0,44,30,271,9.03,0,0,,0,,,27,57.1,60.1,42.1,,40,
295,Tyler Palko\PalkTy00,KAN,QB,28,6,4,80,134,796,2,7,5,15,3.00,0,0,0,0,,0,1,,0,,,27,27.3,37.3,34.3,,48,
296,Greg Salas\SalaGr00,STL,WR,23,6,0,0,0,0,0,0,1,8,8.00,0,38,27,264,9.78,0,3,,0,,,27,54.2,57.2,40.7,,116,
297,Derrick Ward\WardDe01,HOU,RB,31,12,1,0,0,0,0,0,45,154,3.42,2,1,0,0,,0,0,,2,,,27,27.4,30.4,27.4,,90,
298,Eddie Royal\RoyaEd00,DEN,WR,25,12,8,0,0,0,0,0,7,48,6.86,0,50,19,155,8.16,1,0,,2,,,26,51.3,54.3,41.8,,117,
299,Kerry Collins\CollKe00,IND,QB,39,3,3,48,98,481,2,1,2,-1,-0.50,0,0,0,0,,0,4,,0,,,25,25.1,29.1,26.1,,50,
300,Deji Karim\KariDe00,JAX,RB,25,12,0,0,0,0,0,0,63,130,2.06,0,19,14,120,8.57,0,1,,0,,,25,39.0,45.0,32.0,,93,
301,Le'Ron McClain\McClLe00,KAN,RB,27,16,10,0,0,0,0,0,15,51,3.40,1,22,14,82,5.86,1,0,,2,,,25,39.3,39.3,32.3,,92,
302,Josh McCown\McCoJo01,CHI,QB,32,3,2,35,55,414,2,4,12,68,5.67,0,0,0,0,,0,2,,0,1,,25,25.4,32.4,29.4,,49,
303,Austin Pettis\PettAu00,STL,WR,23,12,3,0,0,0,0,0,1,-6,-6.00,0,48,27,256,9.48,0,2,,0,,,25,52.0,55.0,38.5,,118,
304,Anthony Armstrong\ArmsAn00,WAS,WR,28,14,2,0,0,0,0,0,2,19,9.50,0,27,7,103,14.71,2,0,,2,,,24,31.2,34.2,27.7,,119,
305,Jacob Tamme\TammJa00,IND,TE,26,16,5,0,0,0,0,0,0,0,,0,31,19,177,9.32,1,0,,1,,,24,42.7,45.7,33.2,,41,
306,Darrel Young\YounDa01,WAS,RB,24,13,8,0,0,0,0,0,6,33,5.50,1,19,15,146,9.73,0,0,,1,,,24,38.9,41.9,31.4,,94,
307,Zach Miller\MillZa01,SEA,TE,26,15,15,0,0,0,0,0,0,0,,0,44,25,233,9.32,0,0,,0,,,23,48.3,51.3,35.8,,42,
308,Craig Stevens\StevCr00,TEN,TE,27,15,11,0,0,0,0,0,0,0,,0,14,9,166,18.44,1,0,,1,,,23,31.6,34.6,27.1,,43,
309,Chester Taylor\TaylCh01,ARI,RB,32,12,1,0,0,0,0,0,20,77,3.85,1,24,14,91,6.50,0,0,,1,,,23,36.8,36.8,29.8,,95,
310,Curtis Brinkley\BrinCu00,SDG,RB,26,10,1,0,0,0,0,0,30,101,3.37,1,9,7,41,5.86,0,0,,1,1,,22,29.2,32.2,25.7,,96,
311,A.J. Feeley\FeelA.00,STL,QB,34,5,3,53,97,548,1,2,3,4,1.33,0,0,0,0,,0,3,,0,,,22,22.3,27.3,24.3,,51,
312,Clay Harbor\HarbCl00,PHI,TE,24,16,3,0,0,0,0,0,0,0,,0,19,13,163,12.54,1,0,,1,,,22,35.3,38.3,28.8,,44,
313,Anthony Dixon\DixoAn00,SFO,RB,24,16,0,0,0,0,0,0,29,87,3.00,2,1,1,6,6.00,0,0,,2,,,21,22.3,22.3,21.8,,97,
314,T.J. Houshmandzadeh\HousTJ00,OAK,WR,34,9,0,0,0,0,0,0,0,0,,0,19,11,146,13.27,1,0,,1,,,21,31.6,34.6,26.1,,120,
315,Ronnie Brown\BrowRo05,PHI,RB,30,16,2,0,0,0,0,0,42,136,3.24,1,2,0,0,,0,1,,1,,,20,19.6,22.6,19.6,,99,
316,Jacob Hester\HestJa00,SDG,RB,26,16,3,0,0,0,0,0,28,90,3.21,0,18,12,48,4.00,1,2,,1,,,20,31.8,31.8,25.8,,98,
317,Alex Smith\SmitAl02,CLE,TE,29,14,4,0,0,0,0,0,0,0,,0,25,14,131,9.36,1,0,,1,,,19,33.1,36.1,26.1,,45,
318,Braylon Edwards\EdwaBr00,SFO,WR,28,9,5,0,0,0,0,0,0,0,,0,34,15,181,12.07,0,0,,0,,,18,33.1,36.1,25.6,,123,
319,Leonard Hankerson\HankLe00,WAS,WR,23,4,2,0,0,0,0,0,0,0,,0,20,13,163,12.54,0,0,,0,1,,18,31.3,34.3,24.8,,122,
320,Alfonso Smith\SmitAl22,ARI,RB,24,15,0,0,0,0,0,0,30,102,3.40,1,5,3,21,7.00,0,0,,1,,,18,21.3,24.3,19.8,,100,
321,Steve Smith\SmitSt02,PHI,WR,26,9,1,0,0,0,0,0,0,0,,0,20,11,124,11.27,1,1,,1,,,18,29.4,32.4,23.9,,121,
322,Jesse Holley\HollJe00,DAL,WR,27,16,0,0,0,0,0,0,0,0,,0,7,7,169,24.14,0,0,,0,,,17,23.9,26.9,20.4,,125,
323,Josh Johnson\JohnJo05,TAM,QB,25,9,1,19,36,246,1,2,11,67,6.09,0,2,0,0,,0,1,,0,,,17,16.5,18.5,18.5,,52,
324,Ricardo Lockette\LockRi00,SEA,WR,25,2,0,0,0,0,0,0,0,0,,0,4,2,105,52.50,1,0,,1,,,17,18.5,21.5,17.5,,127,
325,Derrick Mason\MasoDe00,2TM,WR,37,12,2,0,0,0,0,0,0,0,,0,35,19,170,8.95,0,0,,0,,,17,36.0,39.0,26.5,,124,
326,Kevin Ogletree\OgleKe00,DAL,WR,24,14,1,0,0,0,0,0,2,3,1.50,0,26,15,164,10.93,0,1,,0,,,17,31.7,34.7,24.2,,126,
327,Matt Spaeth\SpaeMa00,CHI,TE,28,15,8,0,0,0,0,0,0,0,,0,11,7,50,7.14,2,0,,2,,,17,24.0,24.0,20.5,,46,
328,Dion Lewis\LewiDi00,PHI,RB,21,15,0,0,0,0,0,0,23,102,4.43,1,1,1,-3,-3.00,0,1,,1,,,16,16.9,19.9,16.4,,101,
329,John Phillips\PhilJo00,DAL,WR,24,16,7,0,0,0,0,0,0,0,,0,18,15,101,6.73,1,0,,1,,,16,31.1,34.1,23.6,,128,
330,Phillip Tanner\TannPh00,DAL,RB,23,9,0,0,0,0,0,0,22,76,3.45,1,2,2,19,9.50,0,0,,1,,,16,17.5,17.5,16.5,,102,
331,Patrick Turner\TurnPa00,NYJ,WR,24,15,1,0,0,0,0,0,0,0,,0,15,8,96,12.00,1,0,,1,,,16,23.6,23.6,19.6,,129,
332,Travis Beckum\BeckTr00,NYG,TE,24,13,0,0,0,0,0,0,0,0,,0,10,5,93,18.60,1,0,,1,,,15,20.3,20.3,17.8,,47,
333,Jamaal Charles\CharJa00,KAN,RB,25,2,1,0,0,0,0,0,12,83,6.92,0,6,5,9,1.80,1,1,,1,,,15,20.2,20.2,17.7,,103,
334,Lex Hilliard\HillLe00,MIA,RB,27,16,4,0,0,0,0,0,16,41,2.56,1,7,5,49,9.80,0,0,,1,,,15,20.0,20.0,17.5,,106,
335,Bryant Johnson\JohnBr02,HOU,WR,30,16,0,0,0,0,0,0,1,1,1.00,0,12,6,90,15.00,1,0,,1,,,15,21.1,21.1,18.1,,130,
336,David Johnson\JohnDa05,PIT,RB,24,16,16,0,0,0,0,0,0,0,,0,14,12,91,7.58,1,0,,1,,,15,27.1,27.1,21.1,,105,
337,Anthony McCoy\McCoAn00,SEA,TE,24,16,9,0,0,0,0,0,0,0,,0,24,13,146,11.23,0,0,,0,,,15,27.6,30.6,21.1,,49,
338,Bruce Miller\MillBr02,SFO,RB,24,15,8,0,0,0,0,0,4,8,2.00,0,15,11,83,7.55,1,1,,1,,,15,26.1,26.1,20.6,,104,
339,Ovie Mughelli\MughOv00,ATL,RB,31,7,5,0,0,0,0,0,2,1,0.50,0,8,4,25,6.25,2,0,,2,,,15,18.6,18.6,16.6,,108,
340,Brandon Myers\MyerBr00,OAK,TE,26,16,7,0,0,0,0,0,0,0,,0,27,16,151,9.44,0,0,,0,,,15,31.1,34.1,23.1,,48,
341,Steve Slaton\SlatSt00,2TM,RB,25,6,0,0,0,0,0,0,24,84,3.50,1,4,3,3,1.00,0,0,,1,,,15,17.7,17.7,16.2,,107,
342,Mike Sims-Walker\WalkMi01,2TM,WR,27,6,4,0,0,0,0,0,0,0,,0,33,12,150,12.50,0,0,,0,,,15,27.0,30.0,21.0,,131,
343,Charlie Whitehurst\WhitCh02,SEA,QB,29,3,2,27,56,298,1,1,4,13,3.25,0,0,0,0,,0,2,,0,,,15,15.2,16.2,16.2,,53,
344,David Anderson\AndeDa01,2TM,WR,28,6,0,0,0,0,0,0,0,0,,0,16,7,79,11.29,1,0,,1,,,14,20.9,20.9,17.4,,133,
345,Terrence Austin\AustTe00,WAS,WR,23,13,0,0,0,0,0,0,0,0,,0,26,12,137,11.42,0,1,,0,,,14,25.7,28.7,19.7,,134,
346,Martellus Bennett\BennMa00,DAL,TE,24,14,7,0,0,0,0,0,0,0,,0,26,17,144,8.47,0,0,,0,,,14,31.4,34.4,22.9,,50,
347,Jake Delhomme\DelhJa00,HOU,QB,36,1,0,18,28,211,1,0,0,0,,0,0,0,0,,0,1,,0,,,14,12.4,12.4,12.4,,54,
348,Jamie Harper\HarpJa01,TEN,RB,22,13,0,0,0,0,0,0,17,44,2.59,1,6,4,32,8.00,0,1,,1,,,14,17.6,17.6,15.6,,111,
349,Jeremiah Johnson\JohnJe01,DEN,RB,24,8,0,0,0,0,0,0,14,77,5.50,0,9,7,62,8.86,0,0,,0,,,14,20.9,20.9,17.4,,109,
350,Stephen McGee\McGeSt00,DAL,QB,26,1,0,24,38,182,1,0,4,28,7.00,0,0,0,0,,0,0,,0,,,14,14.1,14.1,14.1,,55,
351,Bear Pascoe\PascBe00,NYG,TE,25,16,11,0,0,0,0,0,0,0,,0,16,12,136,11.33,0,0,,0,,,14,25.6,28.6,19.6,,52,
352,Logan Paulsen\PaulLo00,WAS,TE,24,16,6,0,0,0,0,0,0,0,,0,19,11,138,12.55,0,0,,0,,,14,24.8,27.8,19.3,,51,
353,Michael Robinson*\RobiMi00,SEA,WR,28,14,4,0,0,0,0,0,4,7,1.75,0,14,9,74,8.22,1,1,,1,,,14,23.1,23.1,18.6,,132,
354,Brandon Saine\SainBr00,GNB,RB,23,8,0,0,0,0,0,0,18,69,3.83,0,12,10,69,6.90,0,0,,0,,,14,23.8,23.8,18.8,,110,
355,Lorenzo Booker\BookLo00,MIN,RB,27,15,0,0,0,0,0,0,13,52,4.00,0,14,8,82,10.25,0,3,,0,,,13,21.4,21.4,17.4,,112,
356,Jonathan Dwyer\DwyeJo00,PIT,RB,22,7,0,0,0,0,0,0,16,123,7.69,0,1,1,6,6.00,0,0,,0,,,13,13.9,16.9,13.4,,113,
357,Rob Housler\HousRo01,ARI,TE,23,12,2,0,0,0,0,0,0,0,,0,26,12,133,11.08,0,1,,0,,,13,25.3,28.3,19.3,,53,
358,Mossis Madu\MaduMo00,TAM,RB,24,9,0,0,0,0,0,0,15,55,3.67,0,12,10,72,7.20,0,0,,0,,,13,22.7,22.7,17.7,,114,
359,Michael Palmer\PalmMi00,ATL,TE,23,16,2,0,0,0,0,0,0,0,,0,16,10,72,7.20,1,0,,1,,,13,23.2,23.2,18.2,,54,
360,Greg Camarillo\CamaGr00,MIN,WR,29,13,0,0,0,0,0,0,0,0,,0,24,9,121,13.44,0,0,,0,,,12,21.1,24.1,16.6,,135,
361,Spencer Larsen\LarsSp99,DEN,RB,27,16,6,0,0,0,0,0,14,44,3.14,0,9,9,76,8.44,0,0,,0,,,12,21.0,21.0,16.5,,115,
362,Donald Lee\LeexDo00,CIN,TE,31,9,4,0,0,0,0,0,0,0,,0,13,11,115,10.45,0,0,,0,,,12,22.5,25.5,17.0,,56,
363,Dante Rosario\RosaDa00,2TM,TE,27,16,3,0,0,0,0,0,0,0,,0,11,7,117,16.71,0,0,,0,,,12,18.7,21.7,15.2,,55,
364,Shane Vereen\VereSh00,NWE,RB,22,5,0,0,0,0,0,0,15,57,3.80,1,0,0,0,,0,0,,1,,,12,11.7,11.7,11.7,,116,
365,Donnie Avery\AverDo00,TEN,WR,27,8,0,0,0,0,0,0,0,0,,0,11,3,45,15.00,1,0,,1,,,11,13.5,13.5,12.0,,139,
366,John Conner\ConnJo00,NYJ,RB,24,16,8,0,0,0,0,0,13,44,3.38,1,5,2,9,4.50,0,0,,1,,,11,13.3,13.3,12.3,,117,
367,Terrance Copper\CoppTe00,KAN,WR,29,16,2,0,0,0,0,0,0,0,,0,12,8,114,14.25,0,0,,0,,,11,19.4,22.4,15.4,,136,
368,Domenik Hixon\HixoDo00,NYG,WR,27,2,0,0,0,0,0,0,0,0,,0,6,4,50,12.50,1,0,,1,,,11,15.0,15.0,13.0,,137,
369,Sam Hurd\HurdSa00,CHI,WR,26,12,0,0,0,0,0,0,0,0,,0,15,8,109,13.63,0,1,,0,,,11,18.9,21.9,14.9,,138,
370,Sammy Morris\MorrSa00,DAL,RB,34,3,0,0,0,0,0,0,28,98,3.50,0,7,5,13,2.60,0,0,,0,,,11,16.1,16.1,13.6,,118,
371,John Clay\ClayJo00,PIT,RB,23,2,0,0,0,0,0,0,10,41,4.10,1,0,0,0,,0,0,,1,,,10,10.1,10.1,10.1,,120,
372,Colin Cochart\CochCo00,CIN,TE,24,10,3,0,0,0,0,0,0,0,,0,9,5,44,8.80,1,0,,1,,,10,15.4,15.4,12.9,,57,
373,Tom Crabtree\CrabTo00,GNB,TE,26,16,9,0,0,0,0,0,0,0,,0,8,6,38,6.33,1,0,,1,,,10,15.8,15.8,12.8,,59,
374,Taiwan Jones\JoneTa00,OAK,RB,23,10,0,0,0,0,0,0,16,73,4.56,0,3,2,25,12.50,0,0,,0,,,10,11.8,11.8,10.8,,121,
375,Vonta Leach*+\LeacVo00,BAL,RB,30,16,16,0,0,0,0,0,12,35,2.92,0,27,15,69,4.60,0,0,,0,,,10,25.4,25.4,17.9,,119,
376,Zach Miller\MillZa02,JAX,TE,27,4,0,0,0,0,0,0,0,0,,0,7,4,42,10.50,1,0,,1,,,10,14.2,14.2,12.2,,58,
377,Jerheme Urban\UrbaJe00,KAN,WR,31,6,1,0,0,0,0,0,1,7,7.00,0,13,4,35,8.75,1,0,,1,,,10,14.2,14.2,12.2,,140,
378,Josh Baker\BakeJo01,NYJ,RB,25,11,0,0,0,0,0,0,0,0,,0,4,3,27,9.00,1,0,,1,,,9,11.7,11.7,10.2,,123,
379,Ramses Barden\BardRa00,NYG,WR,25,8,0,0,0,0,0,0,0,0,,0,19,9,94,10.44,0,0,,0,,,9,18.4,18.4,13.9,,141,
380,Bernard Berrian\BerrBe00,MIN,WR,31,5,1,0,0,0,0,0,0,0,,0,23,7,91,13.00,0,0,,0,,,9,16.1,16.1,12.6,,143,
381,Richie Brockel\BrocRi00,CAR,RB,25,11,2,0,0,0,0,0,3,12,4.00,1,3,3,13,4.33,0,0,,1,,,9,11.5,11.5,10.0,,125,
382,Keary Colbert\ColbKe00,KAN,WR,29,7,0,0,0,0,0,0,0,0,,0,12,9,89,9.89,0,1,,0,,,9,17.9,17.9,13.4,,146,
383,Kevin Faulk\FaulKe00,NWE,RB,35,7,3,0,0,0,0,0,17,57,3.35,0,9,7,34,4.86,0,0,,0,,,9,16.1,16.1,12.6,,122,
384,Daniel Graham\GrahDa00,TEN,TE,33,16,7,0,0,0,0,0,0,0,,0,5,2,25,12.50,1,0,,1,,,9,10.5,10.5,9.5,,62,
385,Chad Hall\HallCh00,PHI,WR,25,7,0,0,0,0,0,0,3,13,4.33,0,9,3,20,6.67,1,0,,1,,,9,12.3,12.3,10.8,,142,
386,Greg Jones\JoneGr01,JAX,RB,30,16,9,0,0,0,0,0,2,7,3.50,1,9,4,19,4.75,0,0,,1,,,9,12.6,12.6,10.6,,124,
387,Weslye Saunders\SaunWe00,PIT,TE,22,16,6,0,0,0,0,0,0,0,,0,8,4,29,7.25,1,0,,1,,,9,12.9,12.9,10.9,,61,
388,Cecil Shorts\ShorCe00,JAX,WR,24,10,0,0,0,0,0,0,0,0,,0,12,2,30,15.00,1,0,,1,,,9,11.0,11.0,10.0,,144,
389,Luke Stocker\StocLu00,TAM,TE,23,14,9,0,0,0,0,0,0,0,,0,17,12,92,7.67,0,0,,0,,,9,21.2,21.2,15.2,,60,
390,Eric Weems\WeemEr00,ATL,WR,26,16,2,0,0,0,0,0,0,0,,0,14,11,90,8.18,0,0,,0,,,9,20.0,20.0,14.5,,145,
391,John Gilmore\GilmJo00,NOR,TE,32,14,4,0,0,0,0,0,0,0,,0,6,3,20,6.67,1,0,,1,,,8,11.0,11.0,9.5,,63,
392,Michael Hoomanawanui\HoomMi00,STL,RB,23,8,8,0,0,0,0,0,0,0,,0,13,7,83,11.86,0,0,,0,,,8,15.3,15.3,11.8,,127,
393,Henry Hynoski\HynoHe01,NYG,RB,23,11,4,0,0,0,0,0,0,0,,0,16,12,83,6.92,0,0,,0,,,8,20.3,20.3,14.3,,126,
394,Ruvell Martin\MartRu00,BUF,WR,29,14,0,0,0,0,0,0,0,0,,0,16,7,82,11.71,0,0,,0,,,8,15.2,15.2,11.7,,147,
395,Cameron Morrah\MorrCa00,SEA,TE,24,9,4,0,0,0,0,0,1,1,1.00,0,13,6,74,12.33,0,0,,0,,,8,13.5,13.5,10.5,,64,
396,Anthony Sherman\SherAn00,ARI,RB,23,15,7,0,0,0,0,0,1,3,3.00,0,9,8,72,9.00,0,0,,0,,,8,15.5,15.5,11.5,,128,
397,Billy Bajema\BajeBi00,STL,TE,29,16,12,0,0,0,0,0,0,0,,0,14,9,71,7.89,0,0,,0,,,7,16.1,16.1,11.6,,65,
398,Brandon Banks\BankBr00,WAS,WR,24,16,0,1,1,49,1,0,1,1,1.00,0,1,1,10,10.00,0,7,,0,,,7,8.1,8.1,7.6,,149,
399,Rock Cartwright\CartRo01,OAK,RB,32,15,0,0,0,0,0,0,4,45,11.25,0,6,4,24,6.00,0,0,,0,,,7,10.9,10.9,8.9,,130,
400,Chris Cooley\CoolCh00,WAS,TE,29,5,5,0,0,0,0,0,2,3,1.50,0,13,8,65,8.13,0,0,,0,,,7,14.8,14.8,10.8,,66,
401,Lee Evans\EvanLe00,BAL,WR,30,9,2,0,0,0,0,0,0,0,,0,26,4,74,18.50,0,0,,0,,,7,11.4,11.4,9.4,,148,
402,Ahmard Hall\HallAh00,TEN,RB,32,12,7,0,0,0,0,0,6,24,4.00,0,14,9,46,5.11,0,1,,0,,,7,16.0,16.0,11.5,,129,
403,DuJuan Harris\HarrDu01,JAX,RB,23,5,0,0,0,0,0,0,9,42,4.67,0,2,1,4,4.00,0,0,,0,,,7,5.6,5.6,5.1,,131,
404,Richard Bartel\BartRi00,ARI,QB,28,2,0,10,22,86,1,1,1,9,9.00,0,0,0,0,,0,0,,0,,,6,6.3,7.3,7.3,,57,
405,Charlie Batch\BatcCh00,PIT,QB,37,4,1,15,24,208,0,1,3,-2,-0.67,0,0,0,0,,0,0,,0,,,6,6.1,7.1,7.1,,60,
406,Colin Cloherty\ClohCo00,JAX,TE,24,4,1,0,0,0,0,0,0,0,,0,8,4,57,14.25,0,0,,1,,,6,9.7,15.7,13.7,,69,
407,Rashied Davis\DaviRa00,DET,WR,32,11,0,0,0,0,0,0,0,0,,0,5,4,63,15.75,0,0,,0,,,6,10.3,10.3,8.3,,150,
408,Bruce Gradkowski\GradBr00,CIN,QB,28,2,0,8,18,109,1,1,3,1,0.33,0,0,0,0,,0,0,,0,,,6,6.5,7.5,7.5,,56,
409,Matt Leinart\LeinMa00,HOU,QB,28,2,1,10,13,57,1,0,1,-1,-1.00,0,0,0,0,,0,0,,0,,,6,6.2,6.2,6.2,,58,
410,Luke McCown\McCoLu00,JAX,QB,30,4,2,30,56,296,0,4,7,23,3.29,0,0,0,0,,0,2,,0,,,6,6.1,10.1,10.1,,59,
411,Brit Miller\MillBr01,STL,RB,25,12,1,0,0,0,0,0,5,14,2.80,0,3,3,41,13.67,0,0,,0,,,6,8.5,8.5,7.0,,132,
412,Matthew Mulligan\MullMa00,NYJ,TE,26,16,9,0,0,0,0,0,0,0,,0,9,5,58,11.60,0,0,,0,,,6,10.8,10.8,8.3,,68,
413,Ryan Taylor\TaylRy00,GNB,TE,24,15,0,0,0,0,0,0,0,0,,0,1,1,4,4.00,1,0,,1,,,6,7.4,7.4,6.9,,67,
414,Armando Allen\AlleAr00,CHI,RB,22,2,0,0,0,0,0,0,15,48,3.20,0,1,0,0,,0,0,,0,,,5,4.8,4.8,4.8,,136,
415,Danny Amendola\AmenDa00,STL,WR,26,1,1,0,0,0,0,0,0,0,,0,6,5,45,9.00,0,1,,0,,,5,9.5,9.5,7.0,,156,
416,Deon Butler\ButlDe00,SEA,WR,25,5,0,0,0,0,0,0,0,0,,0,7,6,51,8.50,0,0,,0,,,5,11.1,11.1,8.1,,152,
417,Tyler Clutts\ClutTy00,CHI,WR,27,16,8,0,0,0,0,0,0,0,,0,10,8,48,6.00,0,1,,0,,,5,12.8,12.8,8.8,,153,
418,Brody Eldridge\EldrBr00,IND,TE,24,13,8,0,0,0,0,0,0,0,,0,10,9,45,5.00,0,0,,0,,,5,13.5,13.5,9.0,,72,
419,Jerome Felton\FeltJe00,2TM,RB,25,14,3,0,0,0,0,0,3,10,3.33,0,7,4,40,10.00,0,0,,0,,,5,9.0,9.0,7.0,,135,
420,Stefan Logan\LogaSt00,DET,RB,30,16,1,0,0,0,0,0,9,32,3.56,0,1,1,19,19.00,0,6,,0,,,5,6.1,6.1,5.6,,134,
421,Erik Lorig\LoriEr99,TAM,RB,25,16,7,0,0,0,0,0,0,0,,0,9,6,53,8.83,0,0,,0,,,5,11.3,11.3,8.3,,133,
422,Jake O'Connell\OConJa00,KAN,TE,26,8,4,0,0,0,0,0,0,0,,0,12,7,52,7.43,0,0,,0,,,5,12.2,12.2,8.7,,70,
423,Zach Potter\PottZa99,JAX,TE,25,15,7,0,0,0,0,0,0,0,,0,7,5,50,10.00,0,0,,0,,,5,10.0,10.0,7.5,,71,
424,Chris Redman\RedmCh00,ATL,QB,34,5,0,18,28,188,0,1,5,-6,-1.20,0,0,0,0,,0,0,,0,,,5,4.9,5.9,5.9,,61,
425,Matthew Slater*\SlatMa00,NWE,WR,26,16,3,0,0,0,0,0,0,0,,0,3,1,46,46.00,0,1,,0,,,5,5.6,5.6,5.1,,155,
426,Sammie Stroughter\StroSa00,TAM,WR,25,6,0,0,0,0,0,0,0,0,,0,7,4,52,13.00,0,1,,0,,,5,9.2,9.2,7.2,,151,
427,LaQuan Williams\WillLa01,BAL,WR,23,12,0,0,0,0,0,0,0,0,,0,12,4,46,11.50,0,2,,0,,,5,8.6,8.6,6.6,,154,
428,Kyle Boller\BollKy00,OAK,QB,30,2,1,15,28,161,0,3,9,38,4.22,0,0,0,0,,0,3,,0,,,4,4.2,7.2,7.2,,62,
429,Stephen Burton\BurtSt00,MIN,WR,22,3,0,0,0,0,0,0,0,0,,0,3,2,38,19.00,0,0,,0,,,4,5.8,5.8,4.8,,161,
430,Mike Caussin\CausMi00,BUF,TE,24,6,2,0,0,0,0,0,0,0,,0,6,5,41,8.20,0,0,,0,,,4,9.1,9.1,6.6,,74,
431,Jeff Cumberland\CumbJe00,NYJ,TE,24,3,0,0,0,0,0,0,0,0,,0,5,2,35,17.50,0,0,,0,,,4,5.5,5.5,4.5,,77,
432,Julian Edelman\EdelJu00,NWE,WR,25,13,0,0,0,0,0,0,4,8,2.00,0,9,4,34,8.50,0,3,,1,,,4,14.2,14.2,12.2,,157,
433,Tony Fiammetta\FiamTo00,DAL,RB,25,10,6,0,0,0,0,0,4,4,1.00,0,5,3,39,13.00,0,0,,0,,,4,7.3,7.3,5.8,,138,
434,Jerome Harrison\HarrJe00,DET,RB,28,4,0,0,0,0,0,0,14,41,2.93,0,2,1,3,3.00,0,0,,0,,,4,5.4,5.4,4.9,,137,
435,Will Heller\HellWi00,DET,TE,30,16,7,0,0,0,0,0,0,0,,0,12,6,42,7.00,0,0,,0,,,4,10.2,10.2,7.2,,73,
436,Owen Marecic\MareOw00,CLE,RB,23,14,4,0,0,0,0,0,4,8,2.00,0,7,5,31,6.20,0,1,,0,,,4,8.9,8.9,6.4,,141,
437,Jerious Norwood\NorwJe00,STL,RB,28,9,0,0,1,0,0,1,24,61,2.54,0,1,0,0,,0,0,,0,,,4,4.1,5.1,5.1,,140,
438,Kassim Osgood\OsgoKa00,JAX,WR,31,12,2,0,0,0,0,0,0,0,,0,11,5,42,8.40,0,0,,0,,,4,9.2,9.2,6.7,,158,
439,Montell Owens*\OwenMo01,JAX,RB,27,13,0,0,0,0,0,0,10,39,3.90,0,3,2,2,1.00,0,0,,0,,,4,6.1,6.1,5.1,,139,
440,Zack Pianalto\PianZa00,TAM,TE,22,13,0,0,0,0,0,0,0,0,,0,5,4,40,10.00,0,0,,0,,,4,8.0,8.0,6.0,,75,
441,Taylor Price\PricTa00,2TM,WR,24,5,0,0,0,0,0,0,0,0,,0,4,2,39,19.50,0,0,,0,,,4,5.9,5.9,4.9,,159,
442,Andrew Quarless\QuarAn00,GNB,TE,23,10,2,0,0,0,0,0,0,0,,0,4,3,36,12.00,0,0,,0,,,4,6.6,6.6,5.1,,76,
443,DeMarco Sampson\SampDe00,ARI,WR,26,12,0,0,0,0,0,0,0,0,,0,8,3,36,12.00,0,0,,0,,,4,6.6,6.6,5.1,,163,
444,Owen Schmitt\SchmOw00,PHI,RB,26,16,5,0,0,0,0,0,4,6,1.50,0,7,3,32,10.67,0,0,,0,,,4,6.8,6.8,5.3,,142,
445,Chansi Stuckey\StucCh20,ARI,WR,28,9,0,0,0,0,0,0,0,0,,0,8,4,39,9.75,0,1,,0,,,4,7.9,7.9,5.9,,160,
446,Devin Thomas\ThomDe02,NYG,WR,25,16,0,0,0,0,0,0,0,0,,0,3,3,37,12.33,0,0,,0,,,4,6.7,6.7,5.2,,162,
447,Johnny White\WhitJo01,BUF,RB,23,12,0,0,0,0,0,0,12,38,3.17,0,4,1,-3,-3.00,0,0,,0,,,4,4.5,4.5,4.0,,143,
448,Adrian Arrington\ArriAd00,NOR,WR,26,4,0,0,0,0,0,0,0,0,,0,3,2,31,15.50,0,0,,0,,,3,5.1,5.1,4.1,,166,
449,Anthony Becht\BechAn00,KAN,TE,34,9,5,0,0,0,0,0,0,0,,0,4,3,26,8.67,0,0,,0,,,3,5.6,5.6,4.1,,81,
450,Kevin Brock\BrocKe00,BUF,TE,25,2,0,0,0,0,0,0,0,0,,0,2,2,27,13.50,0,0,,0,,,3,4.7,4.7,3.7,,80,
451,Jordan Cameron\CameJo00,CLE,TE,23,8,2,0,0,0,0,0,0,0,,0,13,6,33,5.50,0,0,,0,,,3,9.3,9.3,6.3,,78,
452,Mark Clayton\ClayMa01,STL,WR,29,2,1,0,0,0,0,0,0,0,,0,4,3,26,8.67,0,0,,0,,,3,5.6,5.6,4.1,,172,
453,Jim Dray\DrayJi00,ARI,TE,25,10,0,0,0,0,0,0,0,0,,0,5,2,25,12.50,0,0,,0,,,3,4.5,4.5,3.5,,82,
454,Kris Durham\DurhKr00,SEA,WR,23,3,0,0,0,0,0,0,0,0,,0,4,3,30,10.00,0,0,,0,,,3,6.0,6.0,4.5,,167,
455,Quinn Johnson\JohnQu00,TEN,RB,25,4,1,0,0,0,0,0,0,0,,0,3,3,30,10.00,0,0,,0,,,3,6.0,6.0,4.5,,145,
456,Jon Kitna\KitnJo00,DAL,QB,39,3,0,6,10,87,1,2,3,-2,-0.67,0,0,0,0,,0,0,,0,,,3,3.3,5.3,5.3,,63,
457,J.P. Losman\LosmJ.00,MIA,QB,30,2,0,6,10,60,0,0,2,1,0.50,0,0,0,0,,0,1,,0,,,3,2.5,2.5,2.5,,64,
458,Marc Mariani\MariMa00,TEN,WR,24,16,0,0,0,0,0,0,1,4,4.00,0,12,5,24,4.80,0,1,,1,,,3,13.8,13.8,11.3,,169,
459,Carlton Mitchell\MitcCa00,CLE,WR,23,11,0,0,0,0,0,0,0,0,,0,4,3,31,10.33,0,0,,0,,,3,6.1,6.1,4.6,,165,
460,Niles Paul\PaulNi00,WAS,WR,22,13,2,0,0,0,0,0,1,7,7.00,0,5,2,25,12.50,0,0,,0,,,3,5.2,5.2,4.2,,164,
461,Bilal Powell\PoweBi00,NYJ,RB,23,2,0,0,0,0,0,0,13,21,1.62,0,1,1,7,7.00,0,1,,0,,,3,3.8,3.8,3.3,,148,
462,Brian Robiskie\RobiBr00,CLE,WR,24,6,2,0,0,0,0,0,0,0,,0,9,3,25,8.33,0,0,,0,,,3,5.5,5.5,4.0,,173,
463,Da'Rel Scott\ScotDa01,NYG,RB,23,11,0,0,0,0,0,0,5,16,3.20,0,2,2,13,6.50,0,1,,0,,,3,4.9,4.9,3.9,,146,
464,Kory Sperry\SperKo00,SDG,TE,26,16,4,0,0,0,0,0,0,0,,0,5,1,32,32.00,0,0,,0,,,3,4.2,4.2,3.7,,79,
465,Manase Tonga\TongMa00,OAK,RB,27,11,3,0,0,0,0,0,1,12,12.00,0,4,3,18,6.00,0,0,,0,,,3,6.0,6.0,4.5,,144,
466,Tiquan Underwood\UndeTi00,NWE,WR,24,6,0,0,0,0,0,0,0,0,,0,6,3,30,10.00,0,0,,0,,,3,6.0,6.0,4.5,,168,
467,Lawrence Vickers\VickLa00,HOU,RB,28,14,1,0,0,0,0,0,1,0,0.00,0,8,4,29,7.25,0,0,,0,,,3,6.9,6.9,4.9,,147,
468,Bryan Walters\WaltBr00,SDG,WR,24,4,0,0,0,0,0,0,0,0,,0,4,3,27,9.00,0,0,,0,,,3,5.7,5.7,4.2,,170,
469,Ryan Whalen\WhalRy00,CIN,WR,22,4,0,0,0,0,0,0,0,0,,0,5,4,27,6.75,0,0,,0,,,3,6.7,6.7,4.7,,171,
470,Brock Bolen\BoleBr00,JAX,RB,26,13,0,0,0,0,0,0,2,14,7.00,0,5,2,6,3.00,0,0,,0,,,2,4.0,4.0,3.0,,150,
471,Thomas Clayton\ClayTh00,CLE,RB,27,3,0,0,0,0,0,0,8,12,1.50,0,1,1,3,3.00,0,0,,0,,,2,2.5,2.5,2.0,,155,
472,Clyde Gates\GateCl00,MIA,WR,25,15,0,0,0,0,0,0,1,4,4.00,0,,2,19,9.50,0,0,,0,,,2,4.3,4.3,3.3,,174,
473,Garrett Graham\GrahGa00,HOU,TE,25,7,0,0,0,0,0,0,0,0,,0,2,1,24,24.00,0,0,,0,,,2,3.4,3.4,2.9,,84,
474,Alex Green\GreeAl00,GNB,RB,23,4,0,0,0,0,0,0,3,11,3.67,0,1,1,6,6.00,0,0,,0,,,2,2.7,2.7,2.2,,153,
475,Virgil Green\GreeVi00,DEN,TE,23,15,3,0,0,0,0,0,0,0,,0,5,3,24,8.00,0,0,,0,,,2,5.4,5.4,3.9,,83,
476,Roscoe Parrish\ParrRo00,BUF,WR,29,2,2,0,0,0,0,0,0,0,,0,4,1,16,16.00,0,0,,0,,,2,2.6,2.6,2.1,,176,
477,Justin Peelle\PeelJu00,SFO,TE,32,14,2,0,0,0,0,0,0,0,,0,4,1,19,19.00,0,0,,0,,,2,2.9,2.9,2.4,,85,
478,Cedric Peerman\PeerCe00,CIN,RB,25,15,0,0,0,0,0,0,3,15,5.00,0,1,0,0,,0,0,,0,,,2,1.5,1.5,1.5,,154,
479,Chris Pressley\PresCh00,CIN,RB,25,15,10,0,0,0,0,0,0,0,,0,5,3,19,6.33,0,0,,0,,,2,4.9,4.9,3.4,,152,
480,David Reed\ReedDa00,BAL,WR,24,11,0,0,0,0,0,0,1,16,16.00,0,2,0,0,,0,3,,0,,,2,1.6,1.6,1.6,,175,
481,Mike Sellers\SellMi00,WAS,RB,36,12,0,0,0,0,0,0,0,0,,0,2,1,15,15.00,0,0,,0,,,2,2.5,2.5,2.0,,156,
482,Brett Swain\SwaiBr00,SFO,WR,26,5,1,0,0,0,0,0,0,0,,0,7,2,15,7.50,0,0,,0,,,2,3.5,3.5,2.5,,177,
483,David Thomas\ThomDa02,NOR,TE,28,5,2,0,0,0,0,0,0,0,,0,9,5,16,3.20,0,0,,0,,,2,6.6,6.6,4.1,,86,
484,Josh Vaughan\VaugJo01,CAR,RB,25,7,0,0,0,0,0,0,7,24,3.43,0,0,0,0,,0,0,,0,,,2,2.4,2.4,2.4,,149,
485,Eddie Williams\WillEd00,2TM,RB,24,6,0,0,0,0,0,0,2,2,1.00,0,1,1,17,17.00,0,0,,0,,,2,2.9,2.9,2.4,,151,
486,Anthony Allen\AlleAn01,BAL,RB,23,5,0,0,0,0,0,0,3,8,2.67,0,0,0,0,,0,0,,0,,,1,0.8,0.8,0.8,,162,
487,Emmanuel Arceneaux\ArceEm00,MIN,WR,24,3,0,0,0,0,0,0,0,0,,0,2,1,10,10.00,0,0,,0,,,1,2.0,2.0,1.5,,180,
488,David Ausberry\AusbDa00,OAK,TE,24,12,0,0,0,0,0,0,1,-2,-2.00,0,2,2,14,7.00,0,0,,0,,,1,3.2,3.2,2.2,,88,
489,Allen Bradford\BradAl00,TAM,RB,23,1,0,0,0,0,0,0,5,13,2.60,0,0,0,0,,0,0,,0,,,1,1.3,1.3,1.3,,157,
490,Aaron Brown\BrowAa00,DET,RB,26,1,0,0,0,0,0,0,1,0,0.00,0,1,1,9,9.00,0,0,,0,,,1,1.9,1.9,1.4,,160,
491,Mark Brunell\BrunMa00,NYJ,QB,41,16,0,1,3,27,0,0,0,0,,0,0,0,0,,0,0,,0,,,1,1.1,1.1,1.1,,67,
492,Shaun Chapas\ChapSh00,DAL,RB,23,3,0,0,0,0,0,0,0,0,,0,1,1,9,9.00,0,0,,0,,,1,1.9,1.9,1.4,,161,
493,Mike Cox\Cox_Mi20,ATL,TE,26,9,5,0,0,0,0,0,0,0,,0,3,2,8,4.00,0,1,,0,,,1,2.8,2.8,1.8,,91,
494,Chase Daniel\DaniCh00,NOR,QB,25,16,0,4,5,29,0,0,3,-3,-1.00,0,0,0,0,,0,0,,0,,,1,0.9,0.9,0.9,,69,
495,Ryan D'Imperio\DImpRy00,MIN,RB,24,12,1,0,0,0,0,0,0,0,,0,6,2,7,3.50,0,0,,0,,,1,2.7,2.7,1.7,,163,
496,Armanti Edwards\EdwaAr00,CAR,WR,23,16,0,1,1,11,0,0,1,5,5.00,0,0,0,0,,0,0,,0,,,1,0.9,0.9,0.9,,181,
497,Anthony Hill\HillAn00,IND,TE,26,7,2,0,0,0,0,0,0,0,,0,3,2,10,5.00,0,0,,0,,,1,3.0,3.0,2.0,,90,
498,Shaun Hill\HillSh00,DET,QB,31,2,0,2,3,33,0,0,1,-1,-1.00,0,0,0,0,,0,0,,0,,,1,1.2,1.2,1.2,,65,
499,Jeremy Horne\HornJe00,KAN,WR,25,9,0,0,0,0,0,0,1,5,5.00,0,2,0,0,,0,0,,0,,,1,0.5,0.5,0.5,,187,
500,Brian Hoyer\HoyeBr00,NWE,QB,26,3,0,1,1,22,0,0,4,-3,-0.75,0,0,0,0,,0,0,,0,,,1,0.6,0.6,0.6,,70,
501,Colin Kaepernick\KaepCo00,SFO,QB,24,3,0,3,5,35,0,0,2,-2,-1.00,0,0,0,0,,0,0,,0,,,1,1.2,1.2,1.2,,66,
502,Reggie Kelly\KellRe00,ATL,TE,34,16,2,0,0,0,0,0,0,0,,0,2,1,7,7.00,0,0,,0,,,1,1.7,1.7,1.2,,92,
503,Ryan Mahaffey\MahaRy00,IND,RB,24,5,0,0,0,0,0,0,0,0,,0,1,1,5,5.00,0,0,,0,,,1,1.5,1.5,1.0,,164,
504,Jeron Mastrud\MastJe20,MIA,WR,24,14,3,0,0,0,0,0,0,0,,0,2,1,8,8.00,0,0,,0,,,1,1.8,1.8,1.3,,184,
505,Reagan Maui'a\MauiRe00,ARI,RB,27,3,3,0,0,0,0,0,0,0,,0,1,1,12,12.00,0,0,,0,,,1,2.2,2.2,1.7,,159,
506,Nick Miller\MillNi00,2TM,WR,24,8,0,0,0,0,0,0,0,0,,0,1,1,8,8.00,0,0,,1,,,1,7.8,7.8,7.3,,182,
507,Allen Reisner\ReisAl00,MIN,TE,23,6,0,0,0,0,0,0,0,0,,0,1,1,5,5.00,0,0,,0,,,1,1.5,1.5,1.0,,93,
508,Jordan Shipley\ShipJo00,CIN,WR,26,2,0,0,0,0,0,0,0,0,,0,5,4,14,3.50,0,1,,0,,,1,5.4,5.4,3.4,,178,
509,Lee Smith\SmitLe00,BUF,TE,24,10,3,0,0,0,0,0,0,0,,0,4,4,11,2.75,0,0,,0,,,1,5.1,5.1,3.1,,89,
510,Micheal Spurlock\SpurMi00,TAM,WR,28,12,0,0,1,0,0,0,0,0,,0,6,2,13,6.50,0,0,,0,,,1,3.3,3.3,2.3,,179,
511,Brandon Stokley\StokBr00,NYG,WR,35,2,0,0,0,0,0,0,0,0,,0,3,1,7,7.00,0,0,,0,,,1,1.7,1.7,1.2,,185,
512,Maurice Stovall\StovMa00,DET,WR,26,15,0,0,0,0,0,0,0,0,,0,3,1,8,8.00,0,0,,0,,,1,1.8,1.8,1.3,,183,
513,Tyrod Taylor\TaylTy00,BAL,QB,22,3,0,1,1,18,0,0,1,2,2.00,0,0,0,0,,0,0,,0,,,1,0.9,0.9,0.9,,68,
514,Julius Thomas\ThomJu00,DEN,TE,23,5,1,0,0,0,0,0,0,0,,0,7,1,5,5.00,0,0,,0,,,1,1.5,1.5,1.0,,94,
515,Chauncey Washington\WashCh00,DAL,RB,26,2,0,0,0,0,0,0,1,-1,-1.00,0,3,2,13,6.50,0,0,,0,,,1,3.2,3.2,2.2,,158,
516,D.J. Williams\WillD.00,GNB,TE,23,13,0,0,0,0,0,0,0,0,,0,4,2,13,6.50,0,0,,0,,,1,3.3,3.3,2.3,,87,
517,George Wilson\WilsGe01,BUF,WR,30,13,13,0,0,0,0,0,1,6,6.00,0,0,0,0,,0,0,,0,,,1,0.6,0.6,0.6,,186,