1,Ryan Fitzpatrick\FitzRy00,QB,35.289,2018-09-09,NFL,TAM,@,NOR,W 48-40,1,1,Sun,21,28,75.00,417,4,0,156.2,0,0,14.89,17.75,12,36,3.00,1,0,0,0,,0,0.0%,,42.28,42.3,45.3,42.3,0,,,,
2,Aaron Rodgers\RodgAa00,QB,34.281,2018-09-09,NFL,GNB,,CHI,W 24-23,1,1,Sun,20,30,66.67,286,3,0,130.7,2,19,9.53,11.53,1,15,15.00,0,0,0,0,,0,0.0%,,24.94,24.9,24.9,24.9,1,,,,
3,Drew Brees\BreeDr00,QB,39.237,2018-09-09,NFL,NOR,,TAM,L 40-48,1,1,Sun,37,45,82.22,439,3,0,129.5,1,7,9.76,11.09,0,0,,0,0,0,0,,0,0.0%,,31.56,31.6,34.6,31.6,0,,,,
4,Patrick Mahomes\MahoPa00,QB,22.357,2018-09-09,NFL,KAN,@,LAC,W 38-28,1,1,Sun,15,27,55.56,256,4,0,127.5,1,0,9.48,12.44,5,21,4.20,0,0,0,0,,0,0.0%,,28.34,28.3,28.3,28.3,0,,,,
5,Joe Flacco\FlacJo00,QB,33.236,2018-09-09,NFL,BAL,,BUF,W 47-3,1,1,Sun,25,34,73.53,236,3,0,121.7,1,0,6.94,8.71,2,3,1.50,0,0,0,0,,0,0.0%,,21.74,21.7,21.7,21.7,1,,,,
6,Nelson Agholor\AghoNe00,WR,25.105,2018-09-06,NFL,PHI,,ATL,W 18-12,1,1,Thu,1,1,100.00,15,0,0,118.7,0,0,15.00,15.00,1,16,16.00,0,10,8,33,4.13,0,80.0%,3.30,5.50,13.5,13.5,9.5,0,,,,
7,Alex Smith\SmitAl03,QB,34.125,2018-09-09,NFL,WAS,@,ARI,W 24-6,1,1,Sun,21,30,70.00,255,2,0,118.1,3,8,8.50,9.83,8,14,1.75,0,0,0,0,,0,0.0%,,19.60,19.6,19.6,19.6,2,,,,
8,Sam Darnold\DarnSa00,QB,21.097,2018-09-10,NFL,NYJ,@,DET,W 48-17,1,1,Mon,16,21,76.19,198,2,1,116.8,2,18,9.43,9.19,6,-1,-0.17,0,0,0,0,,0,0.0%,,13.82,13.8,14.8,14.8,0,,,,
9,Andy Dalton\DaltAn00,QB,30.315,2018-09-09,NFL,CIN,@,IND,W 34-23,1,1,Sun,21,28,75.00,243,2,1,109.7,2,14,8.68,8.50,2,8,4.00,0,0,0,0,,0,0.0%,,16.52,16.5,17.5,17.5,0,,,,
10,Philip Rivers\RivePh00,QB,36.275,2018-09-09,NFL,LAC,,KAN,L 28-38,1,1,Sun,34,51,66.67,424,3,1,103.7,1,6,8.31,8.61,0,0,,0,0,0,0,,0,0.0%,,28.96,29.0,33.0,30.0,0,,,,
11,Tom Brady\BradTo00,QB,41.037,2018-09-09,NFL,NWE,,HOU,W 27-20,1,1,Sun,26,39,66.67,277,3,1,102.2,2,10,7.10,7.49,1,2,2.00,0,0,0,0,,0,0.0%,,21.28,21.3,22.3,22.3,0,,,,
12,Jared Goff\GoffJa00,QB,23.331,2018-09-10,NFL,LAR,@,OAK,W 33-13,1,1,Mon,18,33,54.55,233,2,0,97.2,1,8,7.06,8.27,1,-1,-1.00,0,0,0,0,,0,0.0%,,17.22,17.2,17.2,17.2,1,,,,
13,Kirk Cousins\CousKi00,QB,30.021,2018-09-09,NFL,MIN,,SFO,W 24-16,1,1,Sun,20,36,55.56,244,2,0,95.1,3,17,6.78,7.89,4,26,6.50,0,0,0,0,,0,0.0%,,20.36,20.4,20.4,20.4,0,,,,
14,Andrew Luck\LuckAn00,QB,28.362,2018-09-09,NFL,IND,,CIN,L 23-34,1,1,Sun,39,53,73.58,319,2,1,93.2,2,14,6.02,5.92,1,7,7.00,0,0,0,0,,0,0.0%,,19.46,19.5,23.5,20.5,0,,,,
15,Russell Wilson\WilsRu00,QB,29.284,2018-09-09,NFL,SEA,@,DEN,L 24-27,1,1,Sun,19,33,57.58,298,3,2,92.7,6,56,9.03,8.12,2,5,2.50,0,0,0,0,,0,0.0%,,20.42,20.4,22.4,22.4,2,,,,
16,Ryan Tannehill\TannRy00,QB,30.044,2018-09-09,NFL,MIA,,TEN,W 27-20,1,1,Sun,20,28,71.43,230,2,2,89.9,1,8,8.21,6.43,4,4,1.00,0,0,0,0,,0,0.0%,,13.60,13.6,15.6,15.6,0,,,,
17,Case Keenum\KeenCa00,QB,30.204,2018-09-09,NFL,DEN,,SEA,W 27-24,1,1,Sun,25,39,64.10,329,3,3,84.2,1,5,8.44,6.51,0,0,,0,0,0,0,,0,0.0%,,19.16,19.2,25.2,22.2,0,,,,
18,Cam Newton\NewtCa00,QB,29.121,2018-09-09,NFL,CAR,,DAL,W 16-8,1,1,Sun,17,26,65.38,161,0,0,82.4,3,15,6.19,6.19,13,58,4.46,1,0,0,0,,0,0.0%,,18.24,18.2,18.2,18.2,0,,,,
19,Dak Prescott\PresDa01,QB,25.042,2018-09-09,NFL,DAL,@,CAR,L 8-16,1,1,Sun,19,29,65.52,170,0,0,81.1,6,32,5.86,5.86,5,19,3.80,0,0,0,0,,0,0.0%,,8.70,8.7,9.7,8.7,1,,,,
20,Mitchell Trubisky\TrubMi00,QB,24.020,2018-09-09,NFL,CHI,@,GNB,L 23-24,1,1,Sun,23,35,65.71,171,0,0,77.2,4,16,4.89,4.89,7,32,4.57,1,0,0,0,,0,0.0%,,14.04,14.0,15.0,14.0,2,,,,
21,Eli Manning\MannEl00,QB,37.249,2018-09-09,NFL,NYG,,JAX,L 15-20,1,1,Sun,23,37,62.16,224,0,1,67.8,2,14,6.05,4.84,1,2,2.00,0,0,0,0,,0,0.0%,,7.16,7.2,8.2,8.2,0,,,,
22,Blake Bortles\BortBl00,QB,26.134,2018-09-09,NFL,JAX,@,NYG,W 20-15,1,1,Sun,18,33,54.55,176,1,1,67.2,1,8,5.33,4.58,4,42,10.50,0,0,0,0,,0,0.0%,,13.24,13.2,14.2,14.2,0,,,,
23,Deshaun Watson\WatsDe00,QB,22.360,2018-09-09,NFL,HOU,@,NWE,L 20-27,1,1,Sun,17,34,50.00,176,1,1,62.9,3,18,5.18,4.44,8,40,5.00,0,0,0,0,,0,0.0%,,11.04,11.0,13.0,12.0,1,,,,
24,Derek Carr\CarrDe02,QB,27.166,2018-09-10,NFL,OAK,,LAR,L 13-33,1,1,Mon,29,40,72.50,303,0,3,62.8,1,3,7.58,4.20,2,1,0.50,0,0,0,0,,0,0.0%,,6.22,6.2,12.2,9.2,0,,,,
25,Ben Roethlisberger\RoetBe00,QB,36.191,2018-09-09,NFL,PIT,@,CLE,T 21-21,1,1,Sun,23,41,56.10,335,1,3,60.5,4,22,8.17,5.37,3,16,5.33,0,0,0,0,,0,0.0%,,9.00,9.0,17.0,12.0,2,,,,
26,Sam Bradford\BradSa00,QB,30.305,2018-09-09,NFL,ARI,,WAS,L 6-24,1,1,Sun,20,34,58.82,153,0,1,57.6,2,8,4.50,3.18,2,7,3.50,0,0,0,0,,0,0.0%,,2.82,2.8,4.8,3.8,1,,,,
27,Matt Ryan\RyanMa00,QB,33.112,2018-09-06,NFL,ATL,@,PHI,L 12-18,1,1,Thu,21,43,48.84,251,0,1,57.4,4,26,5.84,4.79,2,8,4.00,0,0,0,0,,0,0.0%,,8.84,8.8,9.8,9.8,1,,,,
28,Josh Allen\AlleJo02,QB,22.111,2018-09-09,NFL,BUF,@,BAL,L 3-47,1,1,Sun,6,15,40.00,74,0,0,56.0,3,16,4.93,4.93,4,26,6.50,0,0,0,0,,0,0.0%,,5.56,5.6,5.6,5.6,0,,,,
29,Lamar Jackson\JackLa00,QB,21.245,2018-09-09,NFL,BAL,,BUF,W 47-3,1,1,Sun,1,4,25.00,24,0,0,52.1,1,8,6.00,6.00,7,39,5.57,0,0,0,0,,0,0.0%,,4.86,4.9,4.9,4.9,1,,,,
30,Tyrod Taylor\TaylTy00,QB,29.037,2018-09-09,NFL,CLE,,PIT,T 21-21,1,1,Sun,15,40,37.50,197,1,1,51.8,7,47,4.93,4.30,8,77,9.63,1,0,0,0,,0,0.0%,,23.58,23.6,24.6,24.6,1,,,,
31,Nick Foles\FoleNi00,QB,29.229,2018-09-06,NFL,PHI,,ATL,W 18-12,1,1,Thu,19,34,55.88,117,0,1,50.7,2,13,3.44,2.12,1,-1,-1.00,0,1,1,15,15.00,0,100.0%,15.00,4.08,5.1,6.1,5.6,1,,,,
32,Matthew Stafford\StafMa00,QB,30.215,2018-09-10,NFL,DET,,NYJ,L 17-48,1,1,Mon,27,46,58.70,286,1,4,47.9,0,0,6.22,2.74,1,6,6.00,0,0,0,0,,0,0.0%,,8.04,8.0,12.0,12.0,0,,,,
33,Blaine Gabbert\GabbBl00,QB,28.329,2018-09-09,NFL,TEN,@,MIA,L 20-27,1,1,Sun,11,22,50.00,117,0,1,47.0,0,0,5.32,3.27,0,0,,0,0,0,0,,0,0.0%,,2.68,2.7,3.7,3.7,0,,,,
34,Jimmy Garoppolo\GaroJi00,QB,26.311,2018-09-09,NFL,SFO,@,MIN,L 16-24,1,1,Sun,15,33,45.45,261,1,3,45.1,3,24,7.91,4.42,2,6,3.00,0,0,0,0,,0,0.0%,,9.04,9.0,12.0,12.0,0,,,,
35,Marcus Mariota\MariMa01,QB,24.314,2018-09-09,NFL,TEN,@,MIA,L 20-27,1,1,Sun,9,16,56.25,103,0,2,36.2,0,0,6.44,0.81,3,15,5.00,0,0,0,0,,0,0.0%,,1.62,1.6,3.6,3.6,0,,,,
36,Davante Adams\AdamDa01,WR,25.259,2018-09-09,NFL,GNB,,CHI,W 24-23,1,1,Sun,0,0,,0,0,0,,0,0,,,0,0,,0,8,5,88,17.60,1,62.5%,11.00,14.80,19.8,19.8,17.3,0,,,,
37,Jay Ajayi\AjayJa00,RB,25.083,2018-09-06,NFL,PHI,,ATL,W 18-12,1,1,Thu,0,0,,0,0,0,,0,0,,,15,62,4.13,2,0,0,0,,0,0.0%,,20.20,20.2,20.2,20.2,0,,,,
38,Jordan Akins\AkinJo00,TE,26.143,2018-09-09,NFL,HOU,@,NWE,L 20-27,1,1,Sun,0,0,,0,0,0,,0,0,,,0,0,,0,2,2,11,5.50,0,100.0%,5.50,1.10,3.1,3.1,2.1,0,,,,
39,Javorius Allen\AlleJa01,RB,27.013,2018-09-09,NFL,BAL,,BUF,W 47-3,1,1,Sun,0,0,,0,0,0,,0,0,,,4,17,4.25,1,6,5,15,3.00,0,83.3%,2.50,9.20,14.2,14.2,11.7,0,,,,
40,Keenan Allen\AlleKe00,WR,26.135,2018-09-09,NFL,LAC,,KAN,L 28-38,1,1,Sun,0,0,,0,0,0,,0,0,,,0,0,,0,11,8,108,13.50,1,72.7%,9.82,16.80,24.8,27.8,20.8,0,,,,
41,Geronimo Allison\AlliGe01,WR,24.234,2018-09-09,NFL,GNB,,CHI,W 24-23,1,1,Sun,0,0,,0,0,0,,0,0,,,0,0,,0,8,5,69,13.80,1,62.5%,8.63,12.90,17.9,17.9,15.4,0,,,,
42,Danny Amendola\AmenDa00,WR,32.311,2018-09-09,NFL,MIA,,TEN,W 27-20,1,1,Sun,0,0,,0,0,0,,0,0,,,0,0,,0,6,4,26,6.50,0,66.7%,4.33,2.60,6.6,6.6,4.6,0,,,,
43,C.J. Anderson\AndeC.00,RB,27.211,2018-09-09,NFL,CAR,,DAL,W 16-8,1,1,Sun,0,0,,0,0,0,,0,0,,,7,35,5.00,0,0,0,0,,0,0.0%,,3.50,3.5,3.5,3.5,0,,,,
44,Robby Anderson\AndeRo04,WR,25.124,2018-09-10,NFL,NYJ,@,DET,W 48-17,1,1,Mon,0,0,,0,0,0,,0,0,,,1,-9,-9.00,0,1,1,41,41.00,1,100.0%,41.00,9.20,10.2,10.2,9.7,0,,,,
45,Mark Andrews\AndrMa00,TE,22.003,2018-09-09,NFL,BAL,,BUF,W 47-3,1,1,Sun,0,0,,0,0,0,,0,0,,,0,0,,0,4,3,31,10.33,0,75.0%,7.75,3.10,6.1,6.1,4.6,0,,,,
46,Alex Armah\ArmaAl00,RB,24.115,2018-09-09,NFL,CAR,,DAL,W 16-8,1,1,Sun,0,0,,0,0,0,,0,0,,,1,1,1.00,1,0,0,0,,0,0.0%,,6.10,6.1,6.1,6.1,0,,,,
47,Peyton Barber\BarbPe01,RB,24.194,2018-09-09,NFL,TAM,@,NOR,W 48-40,1,1,Sun,0,0,,0,0,0,,0,0,,,19,69,3.63,0,0,0,0,,0,0.0%,,6.90,6.9,6.9,6.9,0,,,,
48,Saquon Barkley\BarkSa00,RB,21.212,2018-09-09,NFL,NYG,,JAX,L 15-20,1,1,Sun,0,0,,0,0,0,,0,0,,,18,106,5.89,1,6,2,22,11.00,0,33.3%,3.67,18.80,20.8,23.8,19.8,0,,,,
49,Cole Beasley\BeasCo00,WR,29.136,2018-09-09,NFL,DAL,@,CAR,L 8-16,1,1,Sun,0,0,,0,0,0,,0,0,,,0,0,,0,8,7,73,10.43,0,87.5%,9.13,7.30,14.3,14.3,10.8,0,,,,
50,Odell Beckham\BeckOd00,WR,25.308,2018-09-09,NFL,NYG,,JAX,L 15-20,1,1,Sun,0,0,,0,0,0,,0,0,,,1,-1,-1.00,0,15,11,111,10.09,0,73.3%,7.40,11.00,22.0,25.0,16.5,0,,,,
51,Kelvin Benjamin\BenjKe00,WR,27.216,2018-09-09,NFL,BUF,@,BAL,L 3-47,1,1,Sun,0,0,,0,0,0,,0,0,,,0,0,,0,7,1,10,10.00,0,14.3%,1.43,1.00,2.0,2.0,1.5,0,,,,
52,Travis Benjamin\BenjTr00,WR,28.254,2018-09-09,NFL,LAC,,KAN,L 28-38,1,1,Sun,0,0,,0,0,0,,0,0,,,1,19,19.00,0,5,1,1,1.00,0,20.0%,0.20,2.00,3.0,3.0,2.5,0,,,,
53,Giovani Bernard\BernGi00,HB,26.291,2018-09-09,NFL,CIN,@,IND,W 34-23,1,1,Sun,0,0,,0,0,0,,0,0,,,1,-2,-2.00,0,1,1,11,11.00,0,100.0%,11.00,0.90,1.9,1.9,1.4,0,,,,
54,Alfred Blue\BlueAl00,RB,27.135,2018-09-09,NFL,HOU,@,NWE,L 20-27,1,1,Sun,0,0,,0,0,0,,0,0,,,5,36,7.20,1,0,0,0,,0,0.0%,,9.60,9.6,9.6,9.6,0,,,,
55,Devontae Booker\BookDe00,RB,26.105,2018-09-09,NFL,DEN,,SEA,W 27-24,1,1,Sun,0,0,,0,0,0,,0,0,,,2,4,2.00,0,2,2,11,5.50,0,100.0%,5.50,1.50,3.5,3.5,2.5,0,,,,
56,Tyler Boyd\BoydTy00,WR,23.298,2018-09-09,NFL,CIN,@,IND,W 34-23,1,1,Sun,0,0,,0,0,0,,0,0,,,0,0,,0,5,3,26,8.67,0,60.0%,5.20,2.60,5.6,5.6,4.1,0,,,,
57,Nick Boyle\BoylNi00,TE,25.204,2018-09-09,NFL,BAL,,BUF,W 47-3,1,1,Sun,0,0,,0,0,0,,0,0,,,0,0,,0,6,3,40,13.33,0,50.0%,6.67,4.00,7.0,7.0,5.5,0,,,,
58,Matt Breida\BreiMa00,RB,23.193,2018-09-09,NFL,SFO,@,MIN,L 16-24,1,1,Sun,0,0,,0,0,0,,0,0,,,11,46,4.18,0,2,1,5,5.00,0,50.0%,2.50,5.10,6.1,6.1,5.6,0,,,,
59,Antonio Brown\BrowAn04,WR,30.061,2018-09-09,NFL,PIT,@,CLE,T 21-21,1,1,Sun,0,0,,0,0,0,,0,0,,,0,0,,0,16,9,93,10.33,1,56.3%,5.81,15.30,24.3,24.3,19.8,0,,,,
60,Jaron Brown\BrowJa03,WR,28.244,2018-09-09,NFL,SEA,@,DEN,L 24-27,1,1,Sun,0,0,,0,0,0,,0,0,,,0,0,,0,3,1,7,7.00,0,33.3%,2.33,0.70,1.7,1.7,1.2,0,,,,
61,John Brown\BrowJo02,WR,28.159,2018-09-09,NFL,BAL,,BUF,W 47-3,1,1,Sun,0,0,,0,0,0,,0,0,,,1,1,1.00,0,4,3,44,14.67,1,75.0%,11.00,10.50,13.5,13.5,12.0,0,,,,
62,Malcolm Brown\BrowMa03,RB,25.118,2018-09-10,NFL,LAR,@,OAK,W 33-13,1,1,Mon,0,0,,0,0,0,,0,0,,,1,5,5.00,0,2,2,18,9.00,0,100.0%,9.00,2.30,4.3,4.3,3.3,0,,,,
63,Rex Burkhead\BurkRe00,RB,28.069,2018-09-09,NFL,NWE,,HOU,W 27-20,1,1,Sun,0,0,,0,0,0,,0,0,,,18,64,3.56,0,3,1,5,5.00,0,33.3%,1.67,6.90,7.9,7.9,7.4,1,,,,
64,Michael Burton\BurtMi00,FB,26.220,2018-09-09,NFL,CHI,@,GNB,L 23-24,1,1,Sun,0,0,,0,0,0,,0,0,,,0,0,,0,1,1,6,6.00,0,100.0%,6.00,0.60,1.6,1.6,1.1,0,,,,
65,Trey Burton\BurtTr01,TE,26.315,2018-09-09,NFL,CHI,@,GNB,L 23-24,1,1,Sun,0,0,,0,0,0,,0,0,,,0,0,,0,5,1,15,15.00,0,20.0%,3.00,1.50,2.5,2.5,2.0,0,,,,
66,Jake Butt\ButtJa00,TE,23.060,2018-09-09,NFL,DEN,,SEA,W 27-24,1,1,Sun,0,0,,0,0,0,,0,0,,,0,0,,0,4,2,29,14.50,0,50.0%,7.25,2.90,4.9,4.9,3.9,0,,,,
67,Trenton Cannon\CannTr00,RB,24.049,2018-09-10,NFL,NYJ,@,DET,W 48-17,1,1,Mon,0,0,,0,0,0,,0,0,,,6,15,2.50,0,1,1,6,6.00,0,100.0%,6.00,2.10,3.1,3.1,2.6,0,,,,
68,Austin Carr\CarrAu00,WR,24.258,2018-09-09,NFL,NOR,,TAM,L 40-48,1,1,Sun,0,0,,0,0,0,,0,0,,,0,0,,0,2,2,20,10.00,0,100.0%,10.00,2.00,4.0,4.0,3.0,0,,,,
69,Derek Carrier\CarrDe00,TE,28.047,2018-09-10,NFL,OAK,,LAR,L 13-33,1,1,Mon,0,0,,0,0,0,,0,0,,,0,0,,0,3,2,20,10.00,0,66.7%,6.67,2.00,4.0,4.0,3.0,0,,,,
70,Chris Carson\CarsCh00,RB,23.358,2018-09-09,NFL,SEA,@,DEN,L 24-27,1,1,Sun,0,0,,0,0,0,,0,0,,,7,51,7.29,0,5,3,28,9.33,0,60.0%,5.60,5.90,8.9,9.9,7.4,1,,,,
71,DeAndre Carter\CartDe02,WR,25.149,2018-09-06,NFL,PHI,,ATL,W 18-12,1,1,Thu,0,0,,0,0,0,,0,0,,,0,0,,0,1,1,10,10.00,0,100.0%,10.00,1.00,2.0,2.0,1.5,0,,,,
72,Nick Chubb\ChubNi00,RB,22.256,2018-09-09,NFL,CLE,,PIT,T 21-21,1,1,Sun,0,0,,0,0,0,,0,0,,,3,21,7.00,0,0,0,0,,0,0.0%,,2.10,2.1,2.1,2.1,0,,,,
73,Corey Clement\ClemCo00,RB,23.308,2018-09-06,NFL,PHI,,ATL,W 18-12,1,1,Thu,0,0,,0,0,0,,0,0,,,5,26,5.20,0,0,0,0,,0,0.0%,,2.60,2.6,2.6,2.6,0,,,,
74,Randall Cobb\CobbRa00,WR,28.018,2018-09-09,NFL,GNB,,CHI,W 24-23,1,1,Sun,0,0,,0,0,0,,0,0,,,0,0,,0,10,9,142,15.78,1,90.0%,14.20,20.20,29.2,32.2,24.7,0,,,,
75,Tarik Cohen\CoheTa00,RB,23.045,2018-09-09,NFL,CHI,@,GNB,L 23-24,1,1,Sun,0,0,,0,0,0,,0,0,,,5,25,5.00,0,4,3,16,5.33,0,75.0%,4.00,4.10,7.1,7.1,5.6,0,,,,
76,Keelan Cole\ColeKe00,WR,25.142,2018-09-09,NFL,JAX,@,NYG,W 20-15,1,1,Sun,0,0,,0,0,0,,0,0,,,0,0,,0,4,3,54,18.00,0,75.0%,13.50,5.40,8.4,8.4,6.9,0,,,,
77,Tevin Coleman\ColeTe01,RB,25.143,2018-09-06,NFL,ATL,@,PHI,L 12-18,1,1,Thu,0,0,,0,0,0,,0,0,,,9,19,2.11,1,2,1,26,26.00,0,50.0%,13.00,10.50,11.5,11.5,11.0,0,,,,
78,Alex Collins\CollAl00,RB,24.014,2018-09-09,NFL,BAL,,BUF,W 47-3,1,1,Sun,0,0,,0,0,0,,0,0,,,7,13,1.86,1,1,1,6,6.00,0,100.0%,6.00,5.90,6.9,7.9,6.4,1,,,,
79,Tyler Conklin\ConkTy00,TE,23.041,2018-09-09,NFL,MIN,,SFO,W 24-16,1,1,Sun,0,0,,0,0,0,,0,0,,,0,0,,0,1,1,6,6.00,0,100.0%,6.00,0.60,1.6,1.6,1.1,0,,,,
80,Chris Conley\ConlCh00,WR,25.319,2018-09-09,NFL,KAN,@,LAC,W 38-28,1,1,Sun,0,0,,0,0,0,,0,0,,,0,0,,0,1,1,15,15.00,0,100.0%,15.00,1.50,2.5,2.5,2.0,0,,,,
81,James Conner\ConnJa00,RB,23.127,2018-09-09,NFL,PIT,@,CLE,T 21-21,1,1,Sun,0,0,,0,0,0,,0,0,,,31,135,4.35,2,6,5,57,11.40,0,83.3%,9.50,29.20,34.2,38.2,31.7,1,,,,
82,Dalvin Cook\CookDa01,HB,23.030,2018-09-09,NFL,MIN,,SFO,W 24-16,1,1,Sun,0,0,,0,0,0,,0,0,,,16,40,2.50,0,7,6,55,9.17,0,85.7%,7.86,7.50,13.5,14.5,10.5,1,,,,
83,Jared Cook\CookJa02,TE,31.156,2018-09-10,NFL,OAK,,LAR,L 13-33,1,1,Mon,0,0,,0,0,0,,0,0,,,0,0,,0,12,9,180,20.00,0,75.0%,15.00,18.00,27.0,30.0,22.5,0,,,,
84,Brandin Cooks\CookBr00,WR,24.350,2018-09-10,NFL,LAR,@,OAK,W 33-13,1,1,Mon,0,0,,0,0,0,,0,0,,,1,6,6.00,0,8,5,87,17.40,0,62.5%,10.88,9.30,14.3,14.3,11.8,0,,,,
85,Amari Cooper\CoopAm00,WR,24.085,2018-09-10,NFL,OAK,,LAR,L 13-33,1,1,Mon,0,0,,0,0,0,,0,0,,,1,9,9.00,0,3,1,9,9.00,0,33.3%,3.00,1.80,2.8,2.8,2.3,0,,,,
86,Michael Crabtree\CrabMi00,WR,30.360,2018-09-09,NFL,BAL,,BUF,W 47-3,1,1,Sun,0,0,,0,0,0,,0,0,,,0,0,,0,6,3,38,12.67,1,50.0%,6.33,9.80,12.8,12.8,11.3,0,,,,
87,Jason Croom\CrooJa00,TE,24.193,2018-09-09,NFL,BUF,@,BAL,L 3-47,1,1,Sun,0,0,,0,0,0,,0,0,,,0,0,,0,3,2,18,9.00,0,66.7%,6.00,1.80,3.8,3.8,2.8,0,,,,
88,Jamison Crowder\CrowJa00,WR,25.084,2018-09-09,NFL,WAS,@,ARI,W 24-6,1,1,Sun,0,0,,0,0,0,,0,0,,,0,0,,0,4,3,32,10.67,0,75.0%,8.00,3.20,6.2,6.2,4.7,0,,,,
89,Isaiah Crowell\CrowIs00,RB,25.245,2018-09-10,NFL,NYJ,@,DET,W 48-17,1,1,Mon,0,0,,0,0,0,,0,0,,,10,102,10.20,2,0,0,0,,0,0.0%,,22.20,22.2,25.2,22.2,0,,,,
90,Corey Davis\DaviCo03,WR,23.241,2018-09-09,NFL,TEN,@,MIA,L 20-27,1,1,Sun,0,0,,0,0,0,,0,0,,,0,0,,0,13,6,62,10.33,0,46.2%,4.77,6.20,12.2,12.2,9.2,0,,,,
91,Vernon Davis\DaviVe00,TE,34.221,2018-09-09,NFL,WAS,@,ARI,W 24-6,1,1,Sun,0,0,,0,0,0,,0,0,,,0,0,,0,1,1,9,9.00,0,100.0%,9.00,0.90,1.9,1.9,1.4,0,,,,
92,James Develin\DeveJa00,FB,30.048,2018-09-09,NFL,NWE,,HOU,W 27-20,1,1,Sun,0,0,,0,0,0,,0,0,,,0,0,,0,4,4,22,5.50,0,100.0%,5.50,2.20,6.2,6.2,4.2,0,,,,
93,Stefon Diggs\DiggSt00,WR,24.284,2018-09-09,NFL,MIN,,SFO,W 24-16,1,1,Sun,0,0,,0,0,0,,0,0,,,1,8,8.00,0,6,3,43,14.33,1,50.0%,7.17,11.10,14.1,14.1,12.6,0,,,,
94,Will Dissly\DissWi00,TE,22.063,2018-09-09,NFL,SEA,@,DEN,L 24-27,1,1,Sun,0,0,,0,0,0,,0,0,,,0,0,,0,5,3,105,35.00,1,60.0%,21.00,16.50,19.5,22.5,18.0,0,,,,
95,Kenneth Dixon\DixoKe00,RB,24.231,2018-09-09,NFL,BAL,,BUF,W 47-3,1,1,Sun,0,0,,0,0,0,,0,0,,,13,44,3.38,1,0,0,0,,0,0.0%,,10.40,10.4,10.4,10.4,0,,,,
96,Josh Doctson\DoctJo00,WR,25.280,2018-09-09,NFL,WAS,@,ARI,W 24-6,1,1,Sun,0,0,,0,0,0,,0,0,,,0,0,,0,3,1,11,11.00,0,33.3%,3.67,1.10,2.1,2.1,1.6,0,,,,
97,Phillip Dorsett\DorsPh00,WR,25.247,2018-09-09,NFL,NWE,,HOU,W 27-20,1,1,Sun,0,0,,0,0,0,,0,0,,,0,0,,0,7,7,66,9.43,1,100.0%,9.43,12.60,19.6,19.6,16.1,0,,,,
98,Jack Doyle\DoylJa00,TE,28.127,2018-09-09,NFL,IND,,CIN,L 23-34,1,1,Sun,0,0,,0,0,0,,0,0,,,0,0,,0,10,7,60,8.57,0,70.0%,6.00,4.00,11.0,12.0,7.5,1,,,,
99,Kenyan Drake\DrakKe00,RB,24.226,2018-09-09,NFL,MIA,,TEN,W 27-20,1,1,Sun,0,0,,0,0,0,,0,0,,,14,48,3.43,0,4,3,18,6.00,0,75.0%,4.50,6.60,9.6,9.6,8.1,0,,,,
100,Eric Ebron\EbroEr00,TE,25.152,2018-09-09,NFL,IND,,CIN,L 23-34,1,1,Sun,0,0,,0,0,0,,0,0,,,0,0,,0,5,4,51,12.75,1,80.0%,10.20,11.10,15.1,15.1,13.1,0,,,,
101,Chase Edmonds\EdmoCh00,RB,22.149,2018-09-09,NFL,ARI,,WAS,L 6-24,1,1,Sun,0,0,,0,0,0,,0,0,,,4,24,6.00,0,4,4,24,6.00,0,100.0%,6.00,4.80,8.8,8.8,6.8,0,,,,
102,Tyler Eifert\EifeTy00,TE,28.001,2018-09-09,NFL,CIN,@,IND,W 34-23,1,1,Sun,0,0,,0,0,0,,0,0,,,0,0,,0,3,3,44,14.67,0,100.0%,14.67,4.40,7.4,7.4,5.9,0,,,,
103,Austin Ekeler\EkelAu00,RB,23.115,2018-09-09,NFL,LAC,,KAN,L 28-38,1,1,Sun,0,0,,0,0,0,,0,0,,,5,39,7.80,0,5,5,87,17.40,1,100.0%,17.40,18.60,23.6,23.6,21.1,0,,,,
104,Bruce Ellington\ElliBr00,WR,27.018,2018-09-09,NFL,HOU,@,NWE,L 20-27,1,1,Sun,0,0,,0,0,0,,0,0,,,0,0,,0,8,4,37,9.25,1,50.0%,4.63,9.70,13.7,13.7,11.7,0,,,,
105,Ezekiel Elliott\ElliEz00,RB,23.049,2018-09-09,NFL,DAL,@,CAR,L 8-16,1,1,Sun,0,0,,0,0,0,,0,0,,,15,69,4.60,1,4,3,17,5.67,0,75.0%,4.25,14.60,17.6,17.6,16.1,0,,,,
106,Rhett Ellison\ElliRh00,TE,29.341,2018-09-09,NFL,NYG,,JAX,L 15-20,1,1,Sun,0,0,,0,0,0,,0,0,,,0,0,,0,1,1,16,16.00,0,100.0%,16.00,1.60,2.6,2.6,2.1,0,,,,
107,Evan Engram\EngrEv00,TE,24.007,2018-09-09,NFL,NYG,,JAX,L 15-20,1,1,Sun,0,0,,0,0,0,,0,0,,,0,0,,0,5,2,18,9.00,0,40.0%,3.60,1.80,3.8,3.8,2.8,0,,,,
108,Quincy Enunwa\EnunQu00,WR,26.102,2018-09-10,NFL,NYJ,@,DET,W 48-17,1,1,Mon,0,0,,0,0,0,,0,0,,,0,0,,0,9,6,63,10.50,1,66.7%,7.00,12.30,18.3,18.3,15.3,0,,,,
109,Zach Ertz\ErtzZa00,TE,27.300,2018-09-06,NFL,PHI,,ATL,W 18-12,1,1,Thu,0,0,,0,0,0,,0,0,,,0,0,,0,10,5,48,9.60,0,50.0%,4.80,4.80,9.8,9.8,7.3,0,,,,
110,Tyler Ervin\ErviTy00,RB,24.337,2018-09-09,NFL,HOU,@,NWE,L 20-27,1,1,Sun,0,0,,0,0,0,,0,0,,,0,0,,0,1,1,12,12.00,0,100.0%,12.00,1.20,2.2,2.2,1.7,0,,,,
111,Mike Evans\EvanMi00,WR,25.019,2018-09-09,NFL,TAM,@,NOR,W 48-40,1,1,Sun,0,0,,0,0,0,,0,0,,,0,0,,0,7,7,147,21.00,1,100.0%,21.00,20.70,27.7,30.7,24.2,0,,,,
112,Darren Fells\FellDa01,TE,32.140,2018-09-09,NFL,CLE,,PIT,T 21-21,1,1,Sun,0,0,,0,0,0,,0,0,,,0,0,,0,1,1,12,12.00,0,100.0%,12.00,1.20,2.2,2.2,1.7,0,,,,
113,Larry Fitzgerald\FitzLa00,WR,35.009,2018-09-09,NFL,ARI,,WAS,L 6-24,1,1,Sun,0,0,,0,0,0,,0,0,,,0,0,,0,10,7,76,10.86,0,70.0%,7.60,7.60,14.6,14.6,11.1,0,,,,
114,Leonard Fournette\FourLe00,RB,23.234,2018-09-09,NFL,JAX,@,NYG,W 20-15,1,1,Sun,0,0,,0,0,0,,0,0,,,9,41,4.56,0,3,3,14,4.67,0,100.0%,4.67,5.50,8.5,8.5,7.0,0,,,,
115,Devonta Freeman\FreeDe00,RB,26.175,2018-09-06,NFL,ATL,@,PHI,L 12-18,1,1,Thu,0,0,,0,0,0,,0,0,,,6,36,6.00,0,5,3,14,4.67,0,60.0%,2.80,5.00,8.0,8.0,6.5,0,,,,
116,Royce Freeman\FreeRo00,RB,22.197,2018-09-09,NFL,DEN,,SEA,W 27-24,1,1,Sun,0,0,,0,0,0,,0,0,,,15,71,4.73,0,0,0,0,,0,0.0%,,7.10,7.1,7.1,7.1,0,,,,
117,Devin Funchess\FuncDe00,WR,24.111,2018-09-09,NFL,CAR,,DAL,W 16-8,1,1,Sun,0,0,,0,0,0,,0,0,,,0,0,,0,5,3,41,13.67,0,60.0%,8.20,4.10,7.1,7.1,5.6,0,,,,
118,Taylor Gabriel\GabrTa00,WR,27.204,2018-09-09,NFL,CHI,@,GNB,L 23-24,1,1,Sun,0,0,,0,0,0,,0,0,,,0,0,,0,5,5,25,5.00,0,100.0%,5.00,2.50,7.5,7.5,5.0,0,,,,
119,Wayne Gallman\GallWa00,RB,23.343,2018-09-09,NFL,NYG,,JAX,L 15-20,1,1,Sun,0,0,,0,0,0,,0,0,,,1,-1,-1.00,0,2,2,9,4.50,0,100.0%,4.50,0.80,2.8,2.8,1.8,0,,,,
120,Michael Gallup\GallMi00,WR,22.158,2018-09-09,NFL,DAL,@,CAR,L 8-16,1,1,Sun,0,0,,0,0,0,,0,0,,,0,0,,0,1,1,9,9.00,0,100.0%,9.00,0.90,1.9,1.9,1.4,0,,,,
121,Pierre Garcon\GarcPi00,WR,32.032,2018-09-09,NFL,SFO,@,MIN,L 16-24,1,1,Sun,0,0,,0,0,0,,0,0,,,0,0,,0,6,2,21,10.50,0,33.3%,3.50,2.10,4.1,4.1,3.1,0,,,,
122,Antonio Gates\GateAn00,TE,38.083,2018-09-09,NFL,LAC,,KAN,L 28-38,1,1,Sun,0,0,,0,0,0,,0,0,,,0,0,,0,3,2,16,8.00,0,66.7%,5.33,3.60,5.6,5.6,4.6,0,,,,
123,Mike Gesicki\GesiMi00,TE,22.341,2018-09-09,NFL,MIA,,TEN,W 27-20,1,1,Sun,0,0,,0,0,0,,0,0,,,0,0,,0,2,1,11,11.00,0,50.0%,5.50,1.10,2.1,2.1,1.6,0,,,,
124,Ted Ginn\GinnTe00,WR,33.150,2018-09-09,NFL,NOR,,TAM,L 40-48,1,1,Sun,0,0,,0,0,0,,0,0,,,1,5,5.00,0,6,5,68,13.60,1,83.3%,11.33,15.30,20.3,20.3,17.8,0,,,,
125,Chris Godwin\GodwCh00,WR,22.194,2018-09-09,NFL,TAM,@,NOR,W 48-40,1,1,Sun,0,0,,0,0,0,,0,0,,,0,0,,0,4,3,41,13.67,1,75.0%,10.25,10.10,13.1,13.1,11.6,1,,,,
126,Dallas Goedert\GoedDa00,TE,23.246,2018-09-06,NFL,PHI,,ATL,W 18-12,1,1,Thu,0,0,,0,0,0,,0,0,,,0,0,,0,3,1,4,4.00,0,33.3%,1.33,0.40,1.4,1.4,0.9,0,,,,
127,Kenny Golladay\GollKe00,WR,24.311,2018-09-10,NFL,DET,,NYJ,L 17-48,1,1,Mon,0,0,,0,0,0,,0,0,,,0,0,,0,12,7,114,16.29,0,58.3%,9.50,11.40,18.4,21.4,14.9,0,,,,
128,Josh Gordon\GordJo02,WR,27.149,2018-09-09,NFL,CLE,,PIT,T 21-21,1,1,Sun,0,0,,0,0,0,,0,0,,,0,0,,0,3,1,17,17.00,1,33.3%,5.67,7.70,8.7,8.7,8.2,0,,,,
129,Melvin Gordon\GordMe00,RB,25.149,2018-09-09,NFL,LAC,,KAN,L 28-38,1,1,Sun,0,0,,0,0,0,,0,0,,,15,64,4.27,0,13,9,102,11.33,0,69.2%,7.85,18.60,27.6,30.6,23.1,0,,,,
130,Frank Gore\GoreFr00,RB,35.118,2018-09-09,NFL,MIA,,TEN,W 27-20,1,1,Sun,0,0,,0,0,0,,0,0,,,9,61,6.78,0,0,0,0,,0,0.0%,,6.10,6.1,6.1,6.1,0,,,,
131,Jimmy Graham\GrahJi00,TE,31.289,2018-09-09,NFL,GNB,,CHI,W 24-23,1,1,Sun,0,0,,0,0,0,,0,0,,,0,0,,0,4,2,8,4.00,0,50.0%,2.00,0.80,2.8,2.8,1.8,0,,,,
132,Jakeem Grant\GranJa00,WR,25.344,2018-09-09,NFL,MIA,,TEN,W 27-20,1,1,Sun,0,0,,0,0,0,,0,0,,,0,0,,0,7,5,38,7.60,0,71.4%,5.43,9.80,14.8,14.8,12.3,0,,,,
133,Ryan Grant\GranRy01,WR,27.264,2018-09-09,NFL,IND,,CIN,L 23-34,1,1,Sun,0,0,,0,0,0,,0,0,,,0,0,,0,9,8,59,7.38,0,88.9%,6.56,5.90,13.9,13.9,9.9,0,,,,
134,A.J. Green\GreeA.00,WR,30.040,2018-09-09,NFL,CIN,@,IND,W 34-23,1,1,Sun,0,0,,0,0,0,,0,0,,,0,0,,0,8,6,92,15.33,1,75.0%,11.50,13.20,19.2,20.2,16.2,2,,,,
135,Virgil Green\GreeVi00,TE,30.037,2018-09-09,NFL,LAC,,KAN,L 28-38,1,1,Sun,0,0,,0,0,0,,0,0,,,0,0,,0,2,2,21,10.50,0,100.0%,10.50,2.10,4.1,4.1,3.1,0,,,,
136,Rob Gronkowski\GronRo00,TE,29.118,2018-09-09,NFL,NWE,,HOU,W 27-20,1,1,Sun,0,0,,0,0,0,,0,0,,,0,0,,0,8,7,123,17.57,1,87.5%,15.38,16.30,23.3,27.3,19.8,1,,,,
137,Todd Gurley\GurlTo01,RB,24.038,2018-09-10,NFL,LAR,@,OAK,W 33-13,1,1,Mon,0,0,,0,0,0,,0,0,,,20,108,5.40,0,5,3,39,13.00,1,60.0%,7.80,20.70,23.7,26.7,22.2,0,,,,
138,Derrick Henry\HenrDe00,RB,24.248,2018-09-09,NFL,TEN,@,MIA,L 20-27,1,1,Sun,0,0,,0,0,0,,0,0,,,10,26,2.60,0,1,1,5,5.00,0,100.0%,5.00,3.10,4.1,4.1,3.6,0,,,,
139,Jeff Heuerman\HeueJe00,TE,25.289,2018-09-09,NFL,DEN,,SEA,W 27-24,1,1,Sun,0,0,,0,0,0,,0,0,,,0,0,,0,1,1,15,15.00,0,100.0%,15.00,1.50,2.5,2.5,2.0,0,,,,
140,Rashard Higgins\HiggRa00,WR,23.337,2018-09-09,NFL,CLE,,PIT,T 21-21,1,1,Sun,0,0,,0,0,0,,0,0,,,0,0,,0,3,1,38,38.00,0,33.3%,12.67,3.80,4.8,4.8,4.3,0,,,,
141,Jeremy Hill\HillJe01,RB,25.324,2018-09-09,NFL,NWE,,HOU,W 27-20,1,1,Sun,0,0,,0,0,0,,0,0,,,4,25,6.25,0,1,1,6,6.00,0,100.0%,6.00,3.10,4.1,4.1,3.6,0,,,,
142,Josh Hill\HillJo02,TE,28.111,2018-09-09,NFL,NOR,,TAM,L 40-48,1,1,Sun,0,0,,0,0,0,,0,0,,,0,0,,0,1,1,15,15.00,0,100.0%,15.00,1.50,2.5,2.5,2.0,0,,,,
143,Tyreek Hill\HillTy00,WR,24.192,2018-09-09,NFL,KAN,@,LAC,W 38-28,1,1,Sun,0,0,,0,0,0,,0,0,,,2,4,2.00,0,8,7,169,24.14,2,87.5%,21.13,35.30,42.3,45.3,38.8,0,,,,
144,T.Y. Hilton\HiltT.00,WR,28.299,2018-09-09,NFL,IND,,CIN,L 23-34,1,1,Sun,0,0,,0,0,0,,0,0,,,0,0,,0,11,5,46,9.20,1,45.5%,4.18,10.60,15.6,15.6,13.1,0,,,,
145,Nyheim Hines\HineNy00,RB,21.301,2018-09-09,NFL,IND,,CIN,L 23-34,1,1,Sun,0,0,,0,0,0,,0,0,,,5,19,3.80,0,9,7,33,4.71,0,77.8%,3.67,5.20,12.2,12.2,8.7,0,,,,
146,Chris Hogan\HogaCh00,WR,30.320,2018-09-09,NFL,NWE,,HOU,W 27-20,1,1,Sun,0,0,,0,0,0,,0,0,,,0,0,,0,5,1,11,11.00,0,20.0%,2.20,1.10,2.1,2.1,1.6,0,,,,
147,Andre Holmes\HolmAn00,WR,30.085,2018-09-09,NFL,BUF,@,BAL,L 3-47,1,1,Sun,0,0,,0,0,0,,0,0,,,0,0,,0,1,1,14,14.00,0,100.0%,14.00,1.40,2.4,2.4,1.9,0,,,,
148,Austin Hooper\HoopAu00,TE,23.306,2018-09-06,NFL,ATL,@,PHI,L 12-18,1,1,Thu,0,0,,0,0,0,,0,0,,,0,0,,0,4,3,24,8.00,0,75.0%,6.00,2.40,5.4,5.4,3.9,0,,,,
149,DeAndre Hopkins\HopkDe00,WR,26.095,2018-09-09,NFL,HOU,@,NWE,L 20-27,1,1,Sun,0,0,,0,0,0,,0,0,,,1,-7,-7.00,0,11,8,78,9.75,0,72.7%,7.09,7.10,15.1,15.1,11.1,0,,,,
150,Jordan Howard\HowaJo00,RB,23.311,2018-09-09,NFL,CHI,@,GNB,L 23-24,1,1,Sun,0,0,,0,0,0,,0,0,,,15,82,5.47,0,5,5,25,5.00,0,100.0%,5.00,10.70,15.7,15.7,13.2,0,,,,
151,O.J. Howard\HowaO.00,TE,23.294,2018-09-09,NFL,TAM,@,NOR,W 48-40,1,1,Sun,0,0,,0,0,0,,0,0,,,0,0,,0,2,2,54,27.00,0,100.0%,27.00,5.40,7.4,7.4,6.4,0,,,,
152,Adam Humphries\HumpAd00,WR,25.077,2018-09-09,NFL,TAM,@,NOR,W 48-40,1,1,Sun,0,0,,0,0,0,,0,0,,,0,0,,0,5,3,27,9.00,0,60.0%,5.40,2.70,5.7,5.7,4.2,0,,,,
153,Kareem Hunt\HuntKa00,RB,23.034,2018-09-09,NFL,KAN,@,LAC,W 38-28,1,1,Sun,0,0,,0,0,0,,0,0,,,16,49,3.06,0,1,0,0,,0,0.0%,0.00,4.90,4.9,4.9,4.9,0,,,,
154,Justin Hunter\HuntJu00,WR,27.112,2018-09-09,NFL,PIT,@,CLE,T 21-21,1,1,Sun,0,0,,0,0,0,,0,0,,,0,0,,0,5,1,6,6.00,0,20.0%,1.20,0.60,1.6,1.6,1.1,0,,,,
155,Allen Hurns\HurnAl01,WR,26.301,2018-09-09,NFL,DAL,@,CAR,L 8-16,1,1,Sun,0,0,,0,0,0,,0,0,,,0,0,,0,3,1,20,20.00,0,33.3%,6.67,2.00,3.0,3.0,2.5,0,,,,
156,Carlos Hyde\HydeCa00,RB,27.354,2018-09-09,NFL,CLE,,PIT,T 21-21,1,1,Sun,0,0,,0,0,0,,0,0,,,22,62,2.82,1,2,1,3,3.00,0,50.0%,1.50,12.50,13.5,13.5,13.0,0,,,,
157,DeSean Jackson\JackDe00,WR,31.282,2018-09-09,NFL,TAM,@,NOR,W 48-40,1,1,Sun,0,0,,0,0,0,,0,0,,,0,0,,0,5,5,146,29.20,2,100.0%,29.20,26.60,31.6,34.6,29.1,0,,,,
158,Jesse James\JameJe00,TE,24.097,2018-09-09,NFL,PIT,@,CLE,T 21-21,1,1,Sun,0,0,,0,0,0,,0,0,,,0,0,,0,5,3,60,20.00,0,60.0%,12.00,6.00,9.0,9.0,7.5,0,,,,
159,Darius Jennings\JennDa00,WR,26.073,2018-09-09,NFL,TEN,@,MIA,L 20-27,1,1,Sun,0,0,,0,0,0,,0,0,,,0,0,,0,0,0,0,,0,0.0%,,,6.0,6.0,6.0,0,,,,
160,David Johnson\JohnDa08,RB,26.267,2018-09-09,NFL,ARI,,WAS,L 6-24,1,1,Sun,0,0,,0,0,0,,0,0,,,9,37,4.11,1,9,5,30,6.00,0,55.6%,3.33,12.70,17.7,17.7,15.2,0,,,,
161,Duke Johnson\JohnDu00,RB,24.351,2018-09-09,NFL,CLE,,PIT,T 21-21,1,1,Sun,0,0,,0,0,0,,0,0,,,5,17,3.40,0,6,1,8,8.00,0,16.7%,1.33,2.50,3.5,3.5,3.0,0,,,,
162,Kerryon Johnson\JohnKe06,RB,21.072,2018-09-10,NFL,DET,,NYJ,L 17-48,1,1,Mon,0,0,,0,0,0,,0,0,,,5,17,3.40,0,3,3,20,6.67,0,100.0%,6.67,3.70,6.7,6.7,5.2,0,,,,
163,Julio Jones\JoneJu02,WR,29.210,2018-09-06,NFL,ATL,@,PHI,L 12-18,1,1,Thu,0,0,,0,0,0,,0,0,,,1,11,11.00,0,19,10,169,16.90,0,52.6%,8.89,18.00,28.0,31.0,23.0,0,,,,
164,Marvin Jones\JoneMa02,WR,28.182,2018-09-10,NFL,DET,,NYJ,L 17-48,1,1,Mon,0,0,,0,0,0,,0,0,,,0,0,,0,8,4,54,13.50,0,50.0%,6.75,5.40,9.4,9.4,7.4,0,,,,
165,T.J. Jones\JoneT.00,WR,26.053,2018-09-10,NFL,DET,,NYJ,L 17-48,1,1,Mon,0,0,,0,0,0,,0,0,,,0,0,,0,3,1,6,6.00,0,33.3%,2.00,0.60,1.6,1.6,1.1,0,,,,
166,Zay Jones\JoneZa00,WR,23.163,2018-09-09,NFL,BUF,@,BAL,L 3-47,1,1,Sun,0,0,,0,0,0,,0,0,,,0,0,,0,6,3,26,8.67,0,50.0%,4.33,2.60,5.6,5.6,4.1,0,,,,
167,Kyle Juszczyk\JuszKy00,FB,27.139,2018-09-09,NFL,SFO,@,MIN,L 16-24,1,1,Sun,0,0,,0,0,0,,0,0,,,0,0,,0,2,1,56,56.00,0,50.0%,28.00,5.60,6.6,6.6,6.1,0,,,,
168,Alvin Kamara\KamaAl00,RB,23.046,2018-09-09,NFL,NOR,,TAM,L 40-48,1,1,Sun,0,0,,0,0,0,,0,0,,,8,29,3.63,2,12,9,112,12.44,1,75.0%,9.33,34.10,43.1,46.1,38.6,0,,,,
169,Travis Kelce\KelcTr00,TE,28.339,2018-09-09,NFL,KAN,@,LAC,W 38-28,1,1,Sun,0,0,,0,0,0,,0,0,,,0,0,,0,6,1,6,6.00,0,16.7%,1.00,0.60,1.6,1.6,1.1,0,,,,
170,Lance Kendricks\KendLa00,TE,30.222,2018-09-09,NFL,GNB,,CHI,W 24-23,1,1,Sun,0,0,,0,0,0,,0,0,,,0,0,,0,1,1,13,13.00,0,100.0%,13.00,1.30,2.3,2.3,1.8,0,,,,
171,Jeremy Kerley\KerlJe00,WR,29.305,2018-09-09,NFL,BUF,@,BAL,L 3-47,1,1,Sun,0,0,,0,0,0,,0,0,,,0,0,,0,4,2,7,3.50,0,50.0%,1.75,0.70,2.7,2.7,1.7,0,,,,
172,Christian Kirk\KirkCh01,WR,21.295,2018-09-09,NFL,ARI,,WAS,L 6-24,1,1,Sun,0,0,,0,0,0,,0,0,,,0,0,,0,2,1,4,4.00,0,50.0%,2.00,0.40,1.4,1.4,0.9,0,,,,
173,George Kittle\KittGe00,TE,24.335,2018-09-09,NFL,SFO,@,MIN,L 16-24,1,1,Sun,0,0,,0,0,0,,0,0,,,0,0,,0,9,5,90,18.00,0,55.6%,10.00,9.00,14.0,14.0,11.5,0,,,,
174,Tyler Kroft\KrofTy00,TE,25.329,2018-09-09,NFL,CIN,@,IND,W 34-23,1,1,Sun,0,0,,0,0,0,,0,0,,,0,0,,0,1,1,9,9.00,0,100.0%,9.00,0.90,1.9,1.9,1.4,0,,,,
175,Cooper Kupp\KuppCo00,WR,25.087,2018-09-10,NFL,LAR,@,OAK,W 33-13,1,1,Mon,0,0,,0,0,0,,0,0,,,2,16,8.00,0,9,5,52,10.40,1,55.6%,5.78,12.80,17.8,17.8,15.3,0,,,,
176,Jarvis Landry\LandJa00,WR,25.285,2018-09-09,NFL,CLE,,PIT,T 21-21,1,1,Sun,0,0,,0,0,0,,0,0,,,0,0,,0,15,7,106,15.14,0,46.7%,7.07,10.60,17.6,20.6,14.1,0,,,,
177,Dion Lewis\LewiDi00,RB,27.347,2018-09-09,NFL,TEN,@,MIA,L 20-27,1,1,Sun,0,0,,0,0,0,,0,0,,,16,75,4.69,1,8,5,35,7.00,0,62.5%,4.38,17.00,22.0,22.0,19.5,0,,,,
178,Phillip Lindsay\LindPh00,RB,24.047,2018-09-09,NFL,DEN,,SEA,W 27-24,1,1,Sun,0,0,,0,0,0,,0,0,,,15,71,4.73,0,3,2,31,15.50,1,66.7%,10.33,16.20,18.2,18.2,17.2,0,,,,
179,Tyler Lockett\LockTy00,WR,25.346,2018-09-09,NFL,SEA,@,DEN,L 24-27,1,1,Sun,0,0,,0,0,0,,0,0,,,0,0,,0,4,3,59,19.67,1,75.0%,14.75,11.90,14.9,14.9,13.4,0,,,,
180,Marshawn Lynch\LyncMa00,RB,32.141,2018-09-10,NFL,OAK,,LAR,L 13-33,1,1,Mon,0,0,,0,0,0,,0,0,,,11,41,3.73,1,2,2,8,4.00,0,100.0%,4.00,10.90,12.9,12.9,11.9,0,,,,
181,Tre Madden\MaddTr01,FB,25.024,2018-09-09,NFL,SEA,@,DEN,L 24-27,1,1,Sun,0,0,,0,0,0,,0,0,,,0,0,,0,1,1,7,7.00,0,100.0%,7.00,0.70,1.7,1.7,1.2,0,,,,
182,Brandon Marshall\MarsBr00,WR,34.170,2018-09-09,NFL,SEA,@,DEN,L 24-27,1,1,Sun,0,0,,0,0,0,,0,0,,,0,0,,0,6,3,46,15.33,1,50.0%,7.67,10.60,13.6,13.6,12.1,0,,,,
183,Doug Martin\MartDo00,RB,29.240,2018-09-10,NFL,OAK,,LAR,L 13-33,1,1,Mon,0,0,,0,0,0,,0,0,,,4,20,5.00,0,2,2,-3,-1.50,0,100.0%,-1.50,1.70,3.7,3.7,2.7,0,,,,
184,Christian McCaffrey\McCaCh01,RB,22.094,2018-09-09,NFL,CAR,,DAL,W 16-8,1,1,Sun,0,0,,0,0,0,,0,0,,,10,50,5.00,0,9,6,45,7.50,0,66.7%,5.00,7.50,13.5,14.5,10.5,1,,,,
185,LeSean McCoy\McCoLe01,RB,30.059,2018-09-09,NFL,BUF,@,BAL,L 3-47,1,1,Sun,0,0,,0,0,0,,0,0,,,7,22,3.14,0,3,1,-1,-1.00,0,33.3%,-0.33,2.10,3.1,3.1,2.6,0,,,,
186,Anthony Miller\MillAn02,WR,23.335,2018-09-09,NFL,CHI,@,GNB,L 23-24,1,1,Sun,0,0,,0,0,0,,0,0,,,0,0,,0,3,2,14,7.00,0,66.7%,4.67,1.40,3.4,3.4,2.4,0,,,,
187,Lamar Miller\MillLa01,RB,27.137,2018-09-09,NFL,HOU,@,NWE,L 20-27,1,1,Sun,0,0,,0,0,0,,0,0,,,20,98,4.90,0,2,1,11,11.00,0,50.0%,5.50,10.90,11.9,11.9,11.4,0,,,,
188,Joe Mixon\MixoJo00,HB,22.047,2018-09-09,NFL,CIN,@,IND,W 34-23,1,1,Sun,0,0,,0,0,0,,0,0,,,17,95,5.59,1,7,5,54,10.80,0,71.4%,7.71,20.90,25.9,25.9,23.4,0,,,,
189,Donte Moncrief\MoncDo00,WR,25.034,2018-09-09,NFL,JAX,@,NYG,W 20-15,1,1,Sun,0,0,,0,0,0,,0,0,,,0,0,,0,5,1,14,14.00,0,20.0%,2.80,1.40,2.4,2.4,1.9,0,,,,
190,Ty Montgomery\MontTy01,RB,25.230,2018-09-09,NFL,GNB,,CHI,W 24-23,1,1,Sun,0,0,,0,0,0,,0,0,,,2,7,3.50,0,3,2,21,10.50,0,66.7%,7.00,2.80,4.8,4.8,3.8,0,,,,
191,Chris Moore\MoorCh00,WR,25.085,2018-09-09,NFL,BAL,,BUF,W 47-3,1,1,Sun,0,0,,0,0,0,,0,0,,,0,0,,0,1,1,5,5.00,0,100.0%,5.00,0.50,1.5,1.5,1.0,0,,,,
192,David Morgan\MorgDa01,TE,25.113,2018-09-09,NFL,MIN,,SFO,W 24-16,1,1,Sun,0,0,,0,0,0,,0,0,,,0,0,,0,1,1,9,9.00,0,100.0%,9.00,0.90,1.9,1.9,1.4,0,,,,
193,Alfred Morris\MorrAl00,RB,29.271,2018-09-09,NFL,SFO,@,MIN,L 16-24,1,1,Sun,0,0,,0,0,0,,0,0,,,12,38,3.17,0,0,0,0,,0,0.0%,,1.80,1.8,2.8,1.8,2,,,,
194,Marcus Murphy\MurpMa03,RB,27.183,2018-09-09,NFL,BUF,@,BAL,L 3-47,1,1,Sun,0,0,,0,0,0,,0,0,,,6,31,5.17,0,2,0,0,,0,0.0%,0.00,3.10,3.1,3.1,3.1,0,,,,
195,Latavius Murray\MurrLa00,RB,28.234,2018-09-09,NFL,MIN,,SFO,W 24-16,1,1,Sun,0,0,,0,0,0,,0,0,,,11,42,3.82,0,0,0,0,,0,0.0%,,4.20,4.2,4.2,4.2,0,,,,
196,Jordy Nelson\NelsJo00,WR,33.102,2018-09-10,NFL,OAK,,LAR,L 13-33,1,1,Mon,0,0,,0,0,0,,0,0,,,0,0,,0,4,3,23,7.67,0,75.0%,5.75,2.30,5.3,5.3,3.8,0,,,,
197,David Njoku\NjokDa00,TE,22.061,2018-09-09,NFL,CLE,,PIT,T 21-21,1,1,Sun,0,0,,0,0,0,,0,0,,,0,0,,0,7,3,13,4.33,0,42.9%,1.86,1.30,4.3,4.3,2.8,0,,,,
198,Greg Olsen\OlseGr00,TE,33.182,2018-09-09,NFL,CAR,,DAL,W 16-8,1,1,Sun,0,0,,0,0,0,,0,0,,,0,0,,0,2,2,33,16.50,0,100.0%,16.50,3.30,5.3,5.3,4.3,0,,,,
199,Zach Pascal\PascZa00,WR,23.265,2018-09-09,NFL,IND,,CIN,L 23-34,1,1,Sun,0,0,,0,0,0,,0,0,,,0,0,,0,1,1,18,18.00,0,100.0%,18.00,1.80,2.8,2.8,2.3,0,,,,
200,Cordarrelle Patterson\PattCo00,WR,27.176,2018-09-09,NFL,NWE,,HOU,W 27-20,1,1,Sun,0,0,,0,0,0,,0,0,,,3,13,4.33,0,1,1,6,6.00,0,100.0%,6.00,1.90,2.9,2.9,2.4,0,,,,
201,Rashaad Penny\PennRa00,RB,22.219,2018-09-09,NFL,SEA,@,DEN,L 24-27,1,1,Sun,0,0,,0,0,0,,0,0,,,7,8,1.14,0,5,4,35,8.75,0,80.0%,7.00,4.30,8.3,8.3,6.3,0,,,,
202,Adrian Peterson\PeteAd01,RB,33.172,2018-09-09,NFL,WAS,@,ARI,W 24-6,1,1,Sun,0,0,,0,0,0,,0,0,,,26,96,3.69,1,3,2,70,35.00,0,66.7%,23.33,20.60,22.6,23.6,21.6,1,,,,
203,Dante Pettis\PettDa00,WR,22.321,2018-09-09,NFL,SFO,@,MIN,L 16-24,1,1,Sun,0,0,,0,0,0,,0,0,,,0,0,,0,5,2,61,30.50,1,40.0%,12.20,12.10,14.1,14.1,13.1,1,,,,
204,Bilal Powell\PoweBi00,RB,29.318,2018-09-10,NFL,NYJ,@,DET,W 48-17,1,1,Mon,0,0,,0,0,0,,0,0,,,12,60,5.00,0,2,1,5,5.00,0,50.0%,2.50,6.50,7.5,7.5,7.0,0,,,,
205,Terrelle Pryor\PryoTe00,WR,29.082,2018-09-10,NFL,NYJ,@,DET,W 48-17,1,1,Mon,0,0,,0,0,0,,0,0,,,0,0,,0,3,3,49,16.33,0,100.0%,16.33,4.90,7.9,7.9,6.4,0,,,,
206,Jordan Reed\ReedJo02,TE,28.068,2018-09-09,NFL,WAS,@,ARI,W 24-6,1,1,Sun,0,0,,0,0,0,,0,0,,,0,0,,0,5,4,48,12.00,1,80.0%,9.60,10.80,14.8,14.8,12.8,0,,,,
207,Jalen Richard\RichJa01,RB,24.330,2018-09-10,NFL,OAK,,LAR,L 13-33,1,1,Mon,0,0,,0,0,0,,0,0,,,5,24,4.80,0,11,9,55,6.11,0,81.8%,5.00,7.90,16.9,16.9,12.4,0,,,,
208,Paul Richardson\RichPa01,WR,26.149,2018-09-09,NFL,WAS,@,ARI,W 24-6,1,1,Sun,0,0,,0,0,0,,0,0,,,0,0,,0,6,4,22,5.50,0,66.7%,3.67,2.20,6.2,6.2,4.2,0,,,,
209,Theo Riddick\RiddTh00,RB,27.129,2018-09-10,NFL,DET,,NYJ,L 17-48,1,1,Mon,0,0,,0,0,0,,0,0,,,4,20,5.00,0,7,5,15,3.00,0,71.4%,2.14,3.50,8.5,8.5,6.0,0,,,,
210,Andre Roberts\RobeAn00,WR,30.244,2018-09-10,NFL,NYJ,@,DET,W 48-17,1,1,Mon,0,0,,0,0,0,,0,0,,,1,2,2.00,0,0,0,0,,0,0.0%,,6.20,6.2,6.2,6.2,0,,,,
211,Seth Roberts\RobeSe00,WR,27.200,2018-09-10,NFL,OAK,,LAR,L 13-33,1,1,Mon,0,0,,0,0,0,,0,0,,,0,0,,0,1,1,11,11.00,0,100.0%,11.00,1.10,2.1,2.1,1.6,0,,,,
212,Allen Robinson\RobiAl02,WR,25.016,2018-09-09,NFL,CHI,@,GNB,L 23-24,1,1,Sun,0,0,,0,0,0,,0,0,,,0,0,,0,7,4,61,15.25,0,57.1%,8.71,6.10,10.1,10.1,8.1,0,,,,
213,Jacquizz Rodgers\RodgJa00,RB,28.215,2018-09-09,NFL,TAM,@,NOR,W 48-40,1,1,Sun,0,0,,0,0,0,,0,0,,,2,1,0.50,0,1,1,2,2.00,0,100.0%,2.00,0.30,1.3,1.3,0.8,0,,,,
214,Chester Rogers\RogeCh02,WR,24.240,2018-09-09,NFL,IND,,CIN,L 23-34,1,1,Sun,0,0,,0,0,0,,0,0,,,0,0,,0,3,3,18,6.00,0,100.0%,6.00,1.80,4.8,4.8,3.3,0,,,,
215,John Ross\RossJo00,WR,23.286,2018-09-09,NFL,CIN,@,IND,W 34-23,1,1,Sun,0,0,,0,0,0,,0,0,,,0,0,,0,2,1,3,3.00,1,50.0%,1.50,6.30,7.3,7.3,6.8,0,,,,
216,Kyle Rudolph\RudoKy00,TE,28.304,2018-09-09,NFL,MIN,,SFO,W 24-16,1,1,Sun,0,0,,0,0,0,,0,0,,,0,0,,0,2,1,11,11.00,1,50.0%,5.50,7.10,8.1,8.1,7.6,0,,,,
217,Emmanuel Sanders\SandEm00,WR,31.176,2018-09-09,NFL,DEN,,SEA,W 27-24,1,1,Sun,0,0,,0,0,0,,0,0,,,0,0,,0,11,10,135,13.50,1,90.9%,12.27,19.50,29.5,32.5,24.5,0,,,,
218,Mohamed Sanu\SanuMo00,WR,29.015,2018-09-06,NFL,ATL,@,PHI,L 12-18,1,1,Thu,0,0,,0,0,0,,0,0,,,0,0,,0,6,4,18,4.50,0,66.7%,3.00,1.80,5.8,5.8,3.8,0,,,,
219,Ricky Seals-Jones\SealRi00,TE,23.178,2018-09-09,NFL,ARI,,WAS,L 6-24,1,1,Sun,0,0,,0,0,0,,0,0,,,0,0,,0,6,3,19,6.33,0,50.0%,3.17,1.90,4.9,4.9,3.4,0,,,,
220,Austin Seferian-Jenkins\SefeAu00,TE,25.345,2018-09-09,NFL,JAX,@,NYG,W 20-15,1,1,Sun,0,0,,0,0,0,,0,0,,,0,0,,0,5,3,25,8.33,0,60.0%,5.00,2.50,5.5,5.5,4.0,0,,,,
221,Tajae Sharpe\SharTa00,WR,23.260,2018-09-09,NFL,TEN,@,MIA,L 20-27,1,1,Sun,0,0,,0,0,0,,0,0,,,0,0,,0,3,1,17,17.00,0,33.3%,5.67,1.70,2.7,2.7,2.2,0,,,,
222,Sterling Shepard\ShepSt00,WR,25.211,2018-09-09,NFL,NYG,,JAX,L 15-20,1,1,Sun,0,0,,0,0,0,,0,0,,,0,0,,0,7,5,48,9.60,0,71.4%,6.86,4.80,9.8,9.8,7.3,0,,,,
223,Anthony Sherman\SherAn00,FB,29.272,2018-09-09,NFL,KAN,@,LAC,W 38-28,1,1,Sun,0,0,,0,0,0,,0,0,,,0,0,,0,1,1,36,36.00,1,100.0%,36.00,9.60,10.6,10.6,10.1,0,,,,
224,Dion Sims\SimsDi00,TE,27.203,2018-09-09,NFL,CHI,@,GNB,L 23-24,1,1,Sun,0,0,,0,0,0,,0,0,,,0,0,,0,3,2,9,4.50,0,66.7%,3.00,0.90,2.9,2.9,1.9,0,,,,
225,Jonnu Smith\SmitJo01,TE,23.018,2018-09-09,NFL,TEN,@,MIA,L 20-27,1,1,Sun,0,0,,0,0,0,,0,0,,,0,0,,0,3,1,12,12.00,0,33.3%,4.00,1.20,2.2,2.2,1.7,0,,,,
226,Torrey Smith\SmitTo02,WR,29.226,2018-09-09,NFL,CAR,,DAL,W 16-8,1,1,Sun,0,0,,0,0,0,,0,0,,,0,0,,0,2,1,15,15.00,0,50.0%,7.50,1.50,2.5,2.5,2.0,0,,,,
227,JuJu Smith-Schuster\SmitJu00,WR,21.291,2018-09-09,NFL,PIT,@,CLE,T 21-21,1,1,Sun,0,0,,0,0,0,,0,0,,,0,0,,0,8,5,119,23.80,0,62.5%,14.88,11.90,16.9,19.9,14.4,0,,,,
228,Willie Snead\SneaWi00,WR,25.327,2018-09-09,NFL,BAL,,BUF,W 47-3,1,1,Sun,0,0,,0,0,0,,0,0,,,0,0,,0,6,4,49,12.25,1,66.7%,8.17,10.90,14.9,14.9,12.9,0,,,,
229,Darren Sproles\SproDa00,RB,35.078,2018-09-06,NFL,PHI,,ATL,W 18-12,1,1,Thu,0,0,,0,0,0,,0,0,,,5,10,2.00,0,7,4,22,5.50,0,57.1%,3.14,3.20,7.2,7.2,5.2,0,,,,
230,Neal Sterling\SterNe00,TE,26.239,2018-09-10,NFL,NYJ,@,DET,W 48-17,1,1,Mon,0,0,,0,0,0,,0,0,,,0,0,,0,3,3,27,9.00,0,100.0%,9.00,2.70,5.7,5.7,4.2,0,,,,
231,Kenny Stills\StilKe00,WR,26.140,2018-09-09,NFL,MIA,,TEN,W 27-20,1,1,Sun,0,0,,0,0,0,,0,0,,,0,0,,0,5,4,106,26.50,2,80.0%,21.20,22.60,26.6,29.6,24.6,0,,,,
232,Luke Stocker\StocLu00,TE,30.054,2018-09-09,NFL,TEN,@,MIA,L 20-27,1,1,Sun,0,0,,0,0,0,,0,0,,,0,0,,0,2,2,37,18.50,0,100.0%,18.50,3.70,5.7,5.7,4.7,0,,,,
233,Courtland Sutton\SuttCo00,WR,22.334,2018-09-09,NFL,DEN,,SEA,W 27-24,1,1,Sun,0,0,,0,0,0,,0,0,,,0,0,,0,5,2,45,22.50,0,40.0%,9.00,4.50,6.5,6.5,5.5,0,,,,
234,Geoff Swaim\SwaiGe00,TE,24.358,2018-09-09,NFL,DAL,@,CAR,L 8-16,1,1,Sun,0,0,,0,0,0,,0,0,,,0,0,,0,4,3,18,6.00,0,75.0%,4.50,1.80,4.8,4.8,3.3,0,,,,
235,Erik Swoope\SwooEr00,TE,26.124,2018-09-09,NFL,IND,,CIN,L 23-34,1,1,Sun,0,0,,0,0,0,,0,0,,,0,0,,0,1,1,13,13.00,0,100.0%,13.00,1.30,2.3,2.3,1.8,0,,,,
236,Golden Tate\TateGo00,WR,30.039,2018-09-10,NFL,DET,,NYJ,L 17-48,1,1,Mon,0,0,,0,0,0,,0,0,,,0,0,,0,15,7,79,11.29,1,46.7%,5.27,13.90,20.9,20.9,17.4,0,,,,
237,Trent Taylor\TaylTr02,WR,24.132,2018-09-09,NFL,SFO,@,MIN,L 16-24,1,1,Sun,0,0,,0,0,0,,0,0,,,0,0,,0,6,4,28,7.00,0,66.7%,4.67,2.80,6.8,6.8,4.8,0,,,,
238,Adam Thielen\ThieAd00,WR,28.018,2018-09-09,NFL,MIN,,SFO,W 24-16,1,1,Sun,0,0,,0,0,0,,0,0,,,0,0,,0,12,6,102,17.00,0,50.0%,8.50,10.20,16.2,19.2,13.2,0,,,,
239,De'Anthony Thomas\ThomDe05,WR,25.247,2018-09-09,NFL,KAN,@,LAC,W 38-28,1,1,Sun,0,0,,0,0,0,,0,0,,,0,0,,0,2,1,1,1.00,1,50.0%,0.50,6.10,7.1,7.1,6.6,0,,,,
240,Demaryius Thomas\ThomDe03,WR,30.258,2018-09-09,NFL,DEN,,SEA,W 27-24,1,1,Sun,0,0,,0,0,0,,0,0,,,0,0,,0,10,6,63,10.50,1,60.0%,6.30,12.30,18.3,18.3,15.3,0,,,,
241,Ian Thomas\ThomIa00,TE,22.095,2018-09-09,NFL,CAR,,DAL,W 16-8,1,1,Sun,0,0,,0,0,0,,0,0,,,0,0,,0,2,2,4,2.00,0,100.0%,2.00,0.40,2.4,2.4,1.4,0,,,,
242,Jordan Thomas\ThomJo05,TE,22.038,2018-09-09,NFL,HOU,@,NWE,L 20-27,1,1,Sun,0,0,,0,0,0,,0,0,,,0,0,,0,2,1,27,27.00,0,50.0%,13.50,2.70,3.7,3.7,3.2,0,,,,
243,Logan Thomas\ThomLo00,TE,27.070,2018-09-09,NFL,BUF,@,BAL,L 3-47,1,1,Sun,0,0,,0,0,0,,0,0,,,0,0,,0,2,1,24,24.00,0,50.0%,12.00,2.40,3.4,3.4,2.9,0,,,,
244,Michael Thomas\ThomMi05,WR,25.190,2018-09-09,NFL,NOR,,TAM,L 40-48,1,1,Sun,0,0,,0,0,0,,0,0,,,0,0,,0,17,16,180,11.25,1,94.1%,10.59,22.00,38.0,42.0,30.0,1,,,,
245,Chris Thompson\ThomCh03,RB,27.324,2018-09-09,NFL,WAS,@,ARI,W 24-6,1,1,Sun,0,0,,0,0,0,,0,0,,,5,65,13.00,0,7,6,63,10.50,1,85.7%,9.00,18.80,24.8,24.8,21.8,0,,,,
246,Deonte Thompson\ThomDe04,WR,29.207,2018-09-09,NFL,DAL,@,CAR,L 8-16,1,1,Sun,0,0,,0,0,0,,0,0,,,0,0,,0,5,3,27,9.00,0,60.0%,5.40,2.70,5.7,5.7,4.2,0,,,,
247,Levine Toilolo\ToilLe00,TE,27.042,2018-09-10,NFL,DET,,NYJ,L 17-48,1,1,Mon,0,0,,0,0,0,,0,0,,,0,0,,0,1,1,7,7.00,0,100.0%,7.00,0.70,1.7,1.7,1.2,0,,,,
248,Eric Tomlinson\TomlEr01,TE,26.141,2018-09-10,NFL,NYJ,@,DET,W 48-17,1,1,Mon,0,0,,0,0,0,,0,0,,,0,0,,0,1,1,7,7.00,0,100.0%,7.00,0.70,1.7,1.7,1.2,0,,,,
249,Laquon Treadwell\TreaLa00,WR,23.087,2018-09-09,NFL,MIN,,SFO,W 24-16,1,1,Sun,0,0,,0,0,0,,0,0,,,0,0,,0,4,2,18,9.00,0,50.0%,4.50,1.80,3.8,3.8,2.8,0,,,,
250,C.J. Uzomah\UzomC.00,TE,25.238,2018-09-09,NFL,CIN,@,IND,W 34-23,1,1,Sun,0,0,,0,0,0,,0,0,,,0,0,,0,1,1,4,4.00,0,100.0%,4.00,0.40,1.4,1.4,0.9,0,,,,
251,Hakeem Valles\VallHa00,TE,25.291,2018-09-10,NFL,DET,,NYJ,L 17-48,1,1,Mon,0,0,,0,0,0,,0,0,,,0,0,,0,2,1,5,5.00,0,50.0%,2.50,0.50,1.5,1.5,1.0,0,,,,
252,Nick Vannett\VannNi00,TE,25.187,2018-09-09,NFL,SEA,@,DEN,L 24-27,1,1,Sun,0,0,,0,0,0,,0,0,,,0,0,,0,2,1,11,11.00,0,50.0%,5.50,1.10,2.1,2.1,1.6,0,,,,
253,Delanie Walker\WalkHu00,TE,34.028,2018-09-09,NFL,TEN,@,MIA,L 20-27,1,1,Sun,0,0,,0,0,0,,0,0,,,0,0,,0,7,4,52,13.00,0,57.1%,7.43,5.20,9.2,9.2,7.2,0,,,,
254,Spencer Ware\WareSp00,RB,26.290,2018-09-09,NFL,KAN,@,LAC,W 38-28,1,1,Sun,0,0,,0,0,0,,0,0,,,3,32,10.67,0,1,1,8,8.00,0,100.0%,8.00,4.00,5.0,5.0,4.5,0,,,,
255,Sammy Watkins\WatkSa00,WR,25.087,2018-09-09,NFL,KAN,@,LAC,W 38-28,1,1,Sun,0,0,,0,0,0,,0,0,,,0,0,,0,5,3,21,7.00,0,60.0%,4.20,2.10,5.1,5.1,3.6,0,,,,
256,Ben Watson\WatsBe00,TE,37.265,2018-09-09,NFL,NOR,,TAM,L 40-48,1,1,Sun,0,0,,0,0,0,,0,0,,,0,0,,0,4,4,44,11.00,0,100.0%,11.00,4.40,8.4,8.4,6.4,0,,,,
257,Dede Westbrook\WestDe00,WR,24.292,2018-09-09,NFL,JAX,@,NYG,W 20-15,1,1,Sun,0,0,,0,0,0,,0,0,,,0,0,,0,6,5,51,10.20,0,83.3%,8.50,5.10,10.1,10.1,7.6,0,,,,
258,James White\WhitJa02,RB,26.218,2018-09-09,NFL,NWE,,HOU,W 27-20,1,1,Sun,0,0,,0,0,0,,0,0,,,5,18,3.60,0,9,4,38,9.50,1,44.4%,4.22,11.60,15.6,15.6,13.6,0,,,,
259,Jordan Wilkins\WilkJo01,RB,24.053,2018-09-09,NFL,IND,,CIN,L 23-34,1,1,Sun,0,0,,0,0,0,,0,0,,,14,40,2.86,0,3,3,21,7.00,0,100.0%,7.00,6.10,9.1,9.1,7.6,0,,,,
260,Jamaal Williams\WillJa06,RB,23.159,2018-09-09,NFL,GNB,,CHI,W 24-23,1,1,Sun,0,0,,0,0,0,,0,0,,,15,47,3.13,0,2,0,0,,0,0.0%,0.00,4.70,4.7,4.7,4.7,0,,,,
261,Maxx Williams\WillMa04,TE,24.150,2018-09-09,NFL,BAL,,BUF,W 47-3,1,1,Sun,0,0,,0,0,0,,0,0,,,0,0,,0,3,3,32,10.67,0,100.0%,10.67,3.20,6.2,6.2,4.7,0,,,,
262,Mike Williams\WillMi07,WR,23.340,2018-09-09,NFL,LAC,,KAN,L 28-38,1,1,Sun,0,0,,0,0,0,,0,0,,,0,0,,0,6,5,81,16.20,0,83.3%,13.50,8.10,13.1,13.1,10.6,0,,,,
263,Terrance Williams\WillTe01,WR,29.001,2018-09-09,NFL,DAL,@,CAR,L 8-16,1,1,Sun,0,0,,0,0,0,,0,0,,,0,0,,0,2,1,6,6.00,0,50.0%,3.00,0.60,1.6,1.6,1.1,0,,,,
264,Tyrell Williams\WillTy00,WR,26.209,2018-09-09,NFL,LAC,,KAN,L 28-38,1,1,Sun,0,0,,0,0,0,,0,0,,,0,0,,0,5,2,8,4.00,1,40.0%,1.60,6.80,8.8,8.8,7.8,0,,,,
265,Albert Wilson\WilsAl02,WR,26.059,2018-09-09,NFL,MIA,,TEN,W 27-20,1,1,Sun,0,0,,0,0,0,,0,0,,,2,7,3.50,0,4,3,31,10.33,0,75.0%,7.75,3.80,6.8,6.8,5.3,0,,,,
266,Robert Woods\WoodRo02,WR,26.153,2018-09-10,NFL,LAR,@,OAK,W 33-13,1,1,Mon,0,0,,0,0,0,,0,0,,,1,6,6.00,0,9,3,37,12.33,0,33.3%,4.11,4.30,7.3,7.3,5.8,0,,,,
267,Jarius Wright\WrigJa02,WR,28.288,2018-09-09,NFL,CAR,,DAL,W 16-8,1,1,Sun,0,0,,0,0,0,,0,0,,,0,0,,0,5,3,23,7.67,0,60.0%,4.60,2.30,5.3,5.3,3.8,1,,,,
268,T.J. Yeldon\YeldT.00,RB,24.342,2018-09-09,NFL,JAX,@,NYG,W 20-15,1,1,Sun,0,0,,0,0,0,,0,0,,,14,51,3.64,0,7,3,18,6.00,1,42.9%,2.57,12.90,15.9,15.9,14.4,0,,,,